177.190.197.123:3128,HTTP/HTTPS
47.95.36.86:8081,HTTP
189.112.11.60:8082,HTTPS
172.245.177.231:1080,HTTP
190.223.192.224:8080,HTTP
201.18.62.162:8080,HTTP
107.172.10.24:1080,HTTP
34.249.20.9:3128,HTTP/HTTPS
23.91.101.185:8888,HTTP
123.138.89.133:9999,HTTP/HTTPS
118.99.96.59:8080,HTTP
95.24.130.204:9999,Socks4
183.88.69.122:8080,HTTP/HTTPS
114.215.95.188:3128,HTTP/HTTPS
62.140.252.21:8081,HTTP
201.249.88.227:80,HTTP/HTTPS
221.7.255.168:8080,HTTP/HTTPS
190.237.94.83:8080,HTTP
178.132.3.175:1080,HTTP/HTTPS
103.78.252.30:80,HTTP
52.69.20.245:3128,HTTP
181.193.60.194:53281,HTTP
177.190.197.123:3128,HTTP/HTTPS
201.217.245.108:8080,HTTP
78.160.160.197:80,HTTP
47.95.36.86:8081,HTTP
124.193.85.88:8080,HTTP/HTTPS
189.112.11.60:8082,HTTPS
172.245.177.231:1080,HTTP
190.223.192.224:8080,HTTP
107.172.10.24:1080,HTTP
34.249.20.9:3128,HTTP/HTTPS
23.91.101.185:8888,HTTP
123.138.89.133:9999,HTTP/HTTPS
118.99.96.59:8080,HTTP
95.24.130.204:9999,Socks4
183.88.69.122:8080,HTTP/HTTPS
114.215.95.188:3128,HTTP/HTTPS
62.140.252.21:8081,HTTP
201.249.88.227:80,HTTP/HTTPS
52.69.20.245:80,HTTP
52.69.20.245:3128,HTTP
162.243.160.127:8080,HTTP/HTTPS
201.18.62.162:8080,HTTP
92.111.247.202:8080,HTTP/HTTPS
181.193.60.194:53281,HTTP
177.190.197.123:3128,HTTP/HTTPS
201.217.245.108:8080,HTTP
78.160.160.197:80,HTTP
47.95.36.86:8081,HTTP
124.193.85.88:8080,HTTP/HTTPS
189.112.11.60:8082,HTTPS
172.245.177.231:1080,HTTP
190.223.192.224:8080,HTTP
107.172.10.24:1080,HTTP
34.249.20.9:3128,HTTP/HTTPS
23.91.101.185:8888,HTTP
123.138.89.133:9999,HTTP/HTTPS
118.99.96.59:8080,HTTP
95.24.130.204:9999,Socks4
136.243.152.219:8080,HTTP
52.69.20.245:80,HTTP
182.253.176.33:8080,HTTP/HTTPS
52.69.20.245:3128,HTTP
162.243.160.127:8080,HTTP/HTTPS
201.18.62.162:8080,HTTP
92.111.247.202:8080,HTTP/HTTPS
181.193.60.194:53281,HTTP
177.190.197.123:3128,HTTP/HTTPS
201.217.245.108:8080,HTTP
78.160.160.197:80,HTTP
47.95.36.86:8081,HTTP
124.193.85.88:8080,HTTP/HTTPS
189.112.11.60:8082,HTTPS
172.245.177.231:1080,HTTP
190.223.192.224:8080,HTTP
107.172.10.24:1080,HTTP
34.249.20.9:3128,HTTP/HTTPS
23.91.101.185:8888,HTTP
123.138.89.133:9999,HTTP/HTTPS
136.243.152.219:8080,HTTP
52.69.20.245:80,HTTP
182.253.176.33:8080,HTTP/HTTPS
52.69.20.245:3128,HTTP
220.249.185.178:9797,HTTP/HTTPS
212.126.116.30:8080,HTTP
1.0.186.49:8080,HTTP
103.229.86.58:8080,HTTPS
162.243.160.127:8080,HTTP/HTTPS
201.18.62.162:8080,HTTP
92.111.247.202:8080,HTTP/HTTPS
181.193.60.194:53281,HTTP
177.190.197.123:3128,HTTP/HTTPS
201.217.245.108:8080,HTTP
78.160.160.197:80,HTTP
47.95.36.86:8081,HTTP
124.193.85.88:8080,HTTP/HTTPS
189.112.11.60:8082,HTTPS
172.245.177.231:1080,HTTP
190.223.192.224:8080,HTTP
188.226.141.217:3128,HTTP
37.187.140.21:9406,Socks4/Socks5
103.216.144.17:8080,HTTPS
151.106.13.230:1080,HTTP/HTTPS
182.253.132.7:8080,HTTP/HTTPS
110.72.150.31:8123,HTTP/HTTPS
115.202.243.74:30913,HTTP/HTTPS
222.92.194.150:80,HTTPS
136.243.152.219:8080,HTTP
177.16.227.190:8080,HTTP
94.23.148.209:3128,HTTP/HTTPS
221.7.255.167:80,HTTP/HTTPS
111.2.122.46:8080,HTTP
177.69.237.53:3128,HTTP
59.63.50.162:8118,HTTP
189.52.165.134:1080,Socks4
97.73.185.58:87,HTTP
59.152.98.130:8080,HTTP/HTTPS
50.198.134.65:3128,HTTP/HTTPS
91.192.2.168:53281,HTTP/HTTPS
180.149.131.67:80,HTTP
188.166.83.17:8080,HTTP
188.226.141.217:3128,HTTP
37.187.140.21:9406,Socks4/Socks5
103.216.144.17:8080,HTTPS
35.196.48.164:8080,HTTP/HTTPS
111.92.242.146:8080,HTTP/HTTPS
189.89.149.118:3128,HTTP/HTTPS
151.106.13.230:1080,HTTP/HTTPS
88.249.66.67:8080,HTTPS
182.253.132.7:8080,HTTP/HTTPS
110.72.150.31:8123,HTTP/HTTPS
115.202.243.74:30913,HTTP/HTTPS
222.92.194.150:80,HTTPS
136.243.152.219:8080,HTTP
177.16.227.190:8080,HTTP
94.23.148.209:3128,HTTP/HTTPS
221.7.255.167:80,HTTP/HTTPS
111.2.122.46:8080,HTTP
177.69.237.53:3128,HTTP
180.149.131.67:80,HTTP
188.166.83.17:8080,HTTP
188.226.141.217:3128,HTTP
119.252.174.125:8080,HTTP
37.187.140.21:9406,Socks4/Socks5
189.112.11.60:8082,HTTPS
103.216.144.17:8080,HTTPS
35.196.48.164:8080,HTTP/HTTPS
111.92.242.146:8080,HTTP/HTTPS
189.89.149.118:3128,HTTP/HTTPS
151.106.13.230:1080,HTTP/HTTPS
88.249.66.67:8080,HTTPS
182.253.132.7:8080,HTTP/HTTPS
110.72.150.31:8123,HTTP/HTTPS
115.202.243.74:30913,HTTP/HTTPS
222.92.194.150:80,HTTPS
136.243.152.219:8080,HTTP
177.16.227.190:8080,HTTP
94.23.148.209:3128,HTTP/HTTPS
221.7.255.167:80,HTTP/HTTPS
180.149.131.67:80,HTTP
188.166.83.17:8080,HTTP
96.9.77.135:8080,HTTP/HTTPS
96.9.87.2:8080,HTTP/HTTPS
188.226.141.217:3128,HTTP
119.252.174.125:8080,HTTP
37.187.140.21:9406,Socks4/Socks5
189.112.11.60:8082,HTTPS
103.216.144.17:8080,HTTPS
35.196.48.164:8080,HTTP/HTTPS
111.92.242.146:8080,HTTP/HTTPS
189.89.149.118:3128,HTTP/HTTPS
151.106.13.230:1080,HTTP/HTTPS
88.249.66.67:8080,HTTPS
182.253.132.7:8080,HTTP/HTTPS
110.72.150.31:8123,HTTP/HTTPS
115.202.243.74:30913,HTTP/HTTPS
222.92.194.150:80,HTTPS
136.243.152.219:8080,HTTP
177.16.227.190:8080,HTTP
180.149.131.67:80,HTTP
61.155.164.112:3128,HTTP/HTTPS
188.166.83.17:8080,HTTP
146.120.0.36:8080,HTTP
96.9.77.135:8080,HTTP/HTTPS
96.9.87.2:8080,HTTP/HTTPS
188.226.141.217:3128,HTTP
119.252.174.125:8080,HTTP
37.187.140.21:9406,Socks4/Socks5
189.112.11.60:8082,HTTPS
103.216.144.17:8080,HTTPS
35.196.48.164:8080,HTTP/HTTPS
111.92.242.146:8080,HTTP/HTTPS
189.89.149.118:3128,HTTP/HTTPS
151.106.13.230:1080,HTTP/HTTPS
88.249.66.67:8080,HTTPS
182.253.132.7:8080,HTTP/HTTPS
110.72.150.31:8123,HTTP/HTTPS
115.202.243.74:30913,HTTP/HTTPS
222.92.194.150:80,HTTPS
222.92.194.150:80,HTTPS
202.153.233.228:8080,HTTPS
176.9.75.42:3128,HTTP
62.140.252.21:8081,HTTP
101.255.56.134:53281,HTTPS
223.19.51.247:8383,HTTP
92.42.109.39:1080,HTTP/HTTPS
202.154.27.153:8080,HTTP
194.145.199.150:3128,HTTP
103.254.16.21:8080,HTTPS
36.67.156.217:8080,HTTP/HTTPS
200.222.39.18:8080,HTTP
189.9.135.150:80,HTTP/HTTPS
202.59.160.2:8080,HTTPS
109.235.198.28:3128,HTTPS
5.105.52.241:8080,HTTP/HTTPS
54.179.166.238:80,HTTP
197.149.69.78:8080,HTTP/HTTPS
151.106.13.230:1080,HTTP/HTTPS
78.160.160.139:8080,HTTP/HTTPS
37.187.140.21:9406,Socks4/Socks5
222.92.194.150:80,HTTPS
202.153.233.228:8080,HTTPS
190.2.132.71:1080,HTTP/HTTPS
176.9.75.42:3128,HTTP
62.140.252.21:8081,HTTP
200.199.93.98:8080,HTTP
51.143.97.158:80,HTTP/HTTPS
185.97.122.226:53281,HTTPS
200.124.229.165:3128,HTTP/HTTPS
101.255.56.134:53281,HTTPS
223.19.51.247:8383,HTTP
92.42.109.39:1080,HTTP/HTTPS
202.154.27.153:8080,HTTP
194.145.199.150:3128,HTTP
103.254.16.21:8080,HTTPS
36.67.156.217:8080,HTTP/HTTPS
200.222.39.18:8080,HTTP
189.9.135.150:80,HTTP/HTTPS
202.59.160.2:8080,HTTPS
176.99.212.175:8081,HTTP
37.187.140.21:9406,Socks4/Socks5
222.92.194.150:80,HTTPS
202.153.233.228:8080,HTTPS
190.2.132.71:1080,HTTP/HTTPS
176.9.75.42:3128,HTTP
62.140.252.21:8081,HTTP
89.254.142.187:8080,HTTP
190.6.176.62:53281,HTTP/HTTPS
59.152.98.130:8080,HTTPS
176.37.121.85:8080,HTTP/HTTPS
212.92.204.54:80,HTTP/HTTPS
200.199.93.98:8080,HTTP
51.143.97.158:80,HTTP/HTTPS
185.97.122.226:53281,HTTPS
200.124.229.165:3128,HTTP/HTTPS
101.255.56.134:53281,HTTPS
223.19.51.247:8383,HTTP
92.42.109.39:1080,HTTP/HTTPS
202.154.27.153:8080,HTTP
47.95.36.86:8081,HTTP
189.52.165.134:1080,Socks4
176.99.212.175:8081,HTTP
37.187.140.21:9406,Socks4/Socks5
222.92.194.150:80,HTTPS
186.47.102.166:62225,HTTP
202.153.233.228:8080,HTTPS
190.2.132.71:1080,HTTP/HTTPS
176.9.75.42:3128,HTTP
62.140.252.21:8081,HTTP
88.249.66.67:8080,HTTP/HTTPS
202.179.186.138:53281,HTTP
89.254.142.187:8080,HTTP
190.6.176.62:53281,HTTP/HTTPS
59.152.98.130:8080,HTTPS
176.37.121.85:8080,HTTP/HTTPS
212.92.204.54:80,HTTP/HTTPS
200.199.93.98:8080,HTTP
51.143.97.158:80,HTTP/HTTPS
185.97.122.226:53281,HTTPS
47.95.36.86:8081,HTTP
189.52.165.134:1080,Socks4
106.184.2.142:8118,HTTPS
176.99.212.175:8081,HTTP
37.187.140.21:9406,Socks4/Socks5
148.72.168.177:1080,HTTP/HTTPS
91.237.150.68:8080,HTTP/HTTPS
139.255.73.130:3128,HTTP/HTTPS
200.6.168.210:3128,HTTP
190.237.94.83:8080,HTTP
222.92.194.150:80,HTTPS
186.47.102.166:62225,HTTP
202.153.233.228:8080,HTTPS
190.2.132.71:1080,HTTP/HTTPS
176.9.75.42:3128,HTTP
62.140.252.21:8081,HTTP
88.249.66.67:8080,HTTP/HTTPS
202.179.186.138:53281,HTTP
89.254.142.187:8080,HTTP
190.6.176.62:53281,HTTP/HTTPS
139.59.163.171:3128,HTTP
153.3.235.82:80,HTTP
177.99.175.195:53281,HTTPS
96.9.77.135:8080,HTTP
118.81.45.226:9797,HTTP/HTTPS
149.202.0.60:3128,HTTP/HTTPS
1.179.198.37:8080,HTTP
190.90.213.254:8080,HTTP
210.56.8.143:8080,HTTPS
106.104.12.222:80,HTTP
109.121.163.75:53282,HTTP
151.106.10.164:1080,HTTP/HTTPS
67.205.174.209:8080,HTTP
103.25.120.134:8080,HTTP/HTTPS
183.89.24.2:8080,HTTP/HTTPS
61.94.20.52:3128,HTTP/HTTPS
103.247.121.170:8080,HTTP
95.159.69.161:8080,HTTP/HTTPS
83.143.26.70:53281,HTTP
180.94.64.61:8080,HTTP
139.59.163.171:3128,HTTP
153.3.235.82:80,HTTP
177.99.175.195:53281,HTTPS
200.0.35.98:3128,HTTP/HTTPS
96.9.77.135:8080,HTTP
118.81.45.226:9797,HTTP/HTTPS
149.202.0.60:3128,HTTP/HTTPS
1.179.198.37:8080,HTTP
190.90.213.254:8080,HTTP
210.56.8.143:8080,HTTPS
106.104.12.222:80,HTTP
109.121.163.75:53282,HTTP
151.106.10.164:1080,HTTP/HTTPS
67.205.174.209:8080,HTTP
103.25.120.134:8080,HTTP/HTTPS
183.89.24.2:8080,HTTP/HTTPS
61.94.20.52:3128,HTTP/HTTPS
103.247.121.170:8080,HTTP
95.159.69.161:8080,HTTP/HTTPS
83.143.26.70:53281,HTTP
212.22.86.114:3130,HTTP/HTTPS
90.188.95.206:3128,HTTP/HTTPS
139.59.163.171:3128,HTTP
36.77.56.75:8080,HTTP
153.3.235.82:80,HTTP
122.152.219.158:8080,HTTP
103.251.165.20:1080,HTTP
177.99.175.195:53281,HTTPS
200.0.35.98:3128,HTTP/HTTPS
96.9.77.135:8080,HTTP
118.81.45.226:9797,HTTP/HTTPS
149.202.0.60:3128,HTTP/HTTPS
1.179.198.37:8080,HTTP
190.90.213.254:8080,HTTP
210.56.8.143:8080,HTTPS
106.104.12.222:80,HTTP
109.121.163.75:53282,HTTP
151.106.10.164:1080,HTTP/HTTPS
67.205.174.209:8080,HTTP
103.25.120.134:8080,HTTP/HTTPS
212.22.86.114:3130,HTTP/HTTPS
64.251.31.84:3128,HTTP/HTTPS
186.237.53.212:8080,HTTPS
90.188.95.206:3128,HTTP/HTTPS
185.110.210.241:8080,HTTPS
189.9.135.150:80,HTTP/HTTPS
36.67.116.147:80,HTTP
111.92.242.146:8080,HTTP/HTTPS
103.93.92.50:8080,HTTPS
139.59.163.171:3128,HTTP
36.77.56.75:8080,HTTP
153.3.235.82:80,HTTP
122.152.219.158:8080,HTTP
103.251.165.20:1080,HTTP
177.99.175.195:53281,HTTPS
200.0.35.98:3128,HTTP/HTTPS
96.9.77.135:8080,HTTP
118.81.45.226:9797,HTTP/HTTPS
149.202.0.60:3128,HTTP/HTTPS
1.179.198.37:8080,HTTP
138.197.222.35:3128,HTTP
212.22.86.114:3130,HTTP/HTTPS
171.92.35.56:9000,HTTP
61.155.164.112:3128,HTTP/HTTPS
91.102.218.5:3128,HTTPS
64.251.31.84:3128,HTTP/HTTPS
186.237.53.212:8080,HTTPS
90.188.95.206:3128,HTTP/HTTPS
185.110.210.241:8080,HTTPS
189.9.135.150:80,HTTP/HTTPS
36.67.116.147:80,HTTP
111.92.242.146:8080,HTTP/HTTPS
103.93.92.50:8080,HTTPS
139.59.163.171:3128,HTTP
36.77.56.75:8080,HTTP
153.3.235.82:80,HTTP
122.152.219.158:8080,HTTP
103.251.165.20:1080,HTTP
177.99.175.195:53281,HTTPS
200.0.35.98:3128,HTTP/HTTPS
47.89.241.103:8080,HTTP
197.51.186.107:80,HTTP
103.91.120.17:52552,HTTP
190.2.131.199:1080,HTTP/HTTPS
186.47.46.6:65103,HTTP/HTTPS
177.99.175.195:53281,HTTP
92.62.225.4:8888,HTTP/HTTPS
95.170.202.18:8080,HTTPS
91.217.42.2:8080,HTTPS
185.19.176.237:53281,HTTP
176.235.99.166:8080,HTTP
87.244.35.22:8080,HTTP/HTTPS
186.237.53.212:8080,HTTP/HTTPS
159.65.19.173:3128,HTTP/HTTPS
118.179.60.110:8080,HTTPS
94.102.31.57:8081,HTTP/HTTPS
78.160.160.139:8080,HTTP
5.105.52.241:8080,HTTP/HTTPS
186.46.85.194:53005,HTTPS
104.236.174.74:3128,HTTP/HTTPS
148.72.168.177:1080,HTTP/HTTPS
38.132.124.157:808,HTTP/HTTPS
47.89.241.103:8080,HTTP
93.126.217.77:8080,HTTP
59.50.68.34:53281,HTTP/HTTPS
103.76.50.181:80,HTTP/HTTPS
109.235.198.28:3128,HTTPS
197.51.186.107:80,HTTP
103.91.120.17:52552,HTTP
190.2.131.199:1080,HTTP/HTTPS
186.47.46.6:65103,HTTP/HTTPS
177.99.175.195:53281,HTTP
92.62.225.4:8888,HTTP/HTTPS
95.170.202.18:8080,HTTPS
91.217.42.2:8080,HTTPS
185.19.176.237:53281,HTTP
176.235.99.166:8080,HTTP
87.244.35.22:8080,HTTP/HTTPS
186.237.53.212:8080,HTTP/HTTPS
159.65.19.173:3128,HTTP/HTTPS
203.95.220.110:53281,HTTPS
70.166.38.71:24801,Socks4/Socks5
39.137.83.133:80,HTTP
101.255.17.246:1080,Socks4
148.72.168.177:1080,HTTP/HTTPS
38.132.124.157:808,HTTP/HTTPS
39.108.171.142:80,HTTP
103.197.104.189:8080,HTTP/HTTPS
118.151.209.203:8080,HTTPS
47.89.241.103:8080,HTTP
93.126.217.77:8080,HTTP
59.50.68.34:53281,HTTP/HTTPS
103.76.50.181:80,HTTP/HTTPS
109.235.198.28:3128,HTTPS
197.51.186.107:80,HTTP
103.91.120.17:52552,HTTP
190.2.131.199:1080,HTTP/HTTPS
186.47.46.6:65103,HTTP/HTTPS
177.99.175.195:53281,HTTP
92.62.225.4:8888,HTTP/HTTPS
203.95.220.110:53281,HTTPS
70.166.38.71:24801,Socks4/Socks5
39.137.83.133:80,HTTP
101.255.17.246:1080,Socks4
148.72.168.177:1080,HTTP/HTTPS
113.53.155.125:8080,HTTPS
38.132.124.157:808,HTTP/HTTPS
182.253.176.186:8080,HTTP
177.231.111.141:8080,HTTP/HTTPS
39.108.171.142:80,HTTP
103.197.104.189:8080,HTTP/HTTPS
118.151.209.203:8080,HTTPS
47.89.241.103:8080,HTTP
93.126.217.77:8080,HTTP
59.50.68.34:53281,HTTP/HTTPS
103.76.50.181:80,HTTP/HTTPS
109.235.198.28:3128,HTTPS
197.51.186.107:80,HTTP
103.91.120.17:52552,HTTP
190.2.131.199:1080,HTTP/HTTPS
37.228.89.215:80,HTTP
203.95.220.110:53281,HTTPS
70.166.38.71:24801,Socks4/Socks5
39.137.83.133:80,HTTP
101.255.17.246:1080,Socks4
143.137.204.129:8080,HTTP
106.104.12.222:80,HTTP
114.134.88.118:52305,HTTP/HTTPS
40.87.66.157:80,HTTP
148.72.168.177:1080,HTTP/HTTPS
122.248.100.5:8080,HTTPS
187.60.47.122:8080,HTTP
94.102.31.57:8081,HTTP/HTTPS
113.53.155.125:8080,HTTPS
38.132.124.157:808,HTTP/HTTPS
182.253.176.186:8080,HTTP
177.231.111.141:8080,HTTP/HTTPS
39.108.171.142:80,HTTP
103.197.104.189:8080,HTTP/HTTPS
118.151.209.203:8080,HTTPS
113.1.185.246:80,HTTP
123.7.38.31:9999,HTTP/HTTPS
36.228.6.82:8888,HTTP
200.149.6.18:8080,HTTP
103.12.161.1:1080,Socks4
173.249.15.109:3128,HTTPS
51.255.58.83:808,HTTP/HTTPS
47.88.32.46:3128,HTTP
190.117.162.152:8080,HTTP
190.52.34.198:8082,HTTPS
211.108.3.235:8888,Socks5
202.190.48.236:8080,HTTPS
47.93.3.242:80,HTTP
138.197.157.68:1080,Socks5
62.33.245.137:1080,Socks4
190.104.66.253:8080,HTTP/HTTPS
36.26.238.78:808,HTTP/HTTPS
98.175.250.107:8090,HTTP/HTTPS
4.16.214.12:80,HTTP
145.239.77.20:80,HTTP
113.1.185.246:80,HTTP
123.7.38.31:9999,HTTP/HTTPS
103.251.164.5:1080,HTTP/HTTPS
36.228.6.82:8888,HTTP
181.225.78.141:53281,HTTP/HTTPS
2.139.178.90:3128,HTTP
200.149.6.18:8080,HTTP
103.73.97.117:3128,HTTP
169.239.126.150:3128,HTTP/HTTPS
103.12.161.1:1080,Socks4
173.249.15.109:3128,HTTPS
51.255.58.83:808,HTTP/HTTPS
47.88.32.46:3128,HTTP
190.117.162.152:8080,HTTP
190.52.34.198:8082,HTTPS
211.108.3.235:8888,Socks5
202.190.48.236:8080,HTTPS
47.93.3.242:80,HTTP
138.197.157.68:1080,Socks5
62.33.245.137:1080,Socks4
95.24.130.204:9999,Socks4
46.32.2.99:8080,HTTP
113.1.185.246:80,HTTP
123.7.38.31:9999,HTTP/HTTPS
8.33.32.23:53281,HTTP
188.165.241.200:3128,HTTP/HTTPS
103.251.164.5:1080,HTTP/HTTPS
36.228.6.82:8888,HTTP
181.225.78.141:53281,HTTP/HTTPS
2.139.178.90:3128,HTTP
200.149.6.18:8080,HTTP
103.73.97.117:3128,HTTP
169.239.126.150:3128,HTTP/HTTPS
103.12.161.1:1080,Socks4
173.249.15.109:3128,HTTPS
51.255.58.83:808,HTTP/HTTPS
47.88.32.46:3128,HTTP
190.117.162.152:8080,HTTP
190.52.34.198:8082,HTTPS
211.108.3.235:8888,Socks5
196.42.52.45:8080,HTTP/HTTPS
103.16.46.33:8080,HTTP/HTTPS
163.177.151.23:80,HTTP
128.199.142.35:8080,HTTP/HTTPS
121.40.81.129:8118,HTTP
139.59.158.155:3128,HTTP/HTTPS
94.23.148.209:3128,HTTP/HTTPS
80.245.117.132:8080,HTTP
202.162.219.74:8080,HTTPS
85.10.241.244:1080,HTTP/HTTPS
187.85.255.57:53281,HTTP
103.5.172.233:8080,HTTP
159.226.249.93:8080,HTTP
40.77.23.128:3128,HTTPS
173.233.55.116:443,HTTPS
95.24.130.204:9999,Socks4
186.219.106.4:8080,HTTP
38.132.124.157:808,HTTP/HTTPS
107.178.3.26:8080,HTTP
116.214.32.51:8080,HTTP
153.3.235.82:80,HTTP
196.42.52.45:8080,HTTP/HTTPS
103.16.46.33:8080,HTTP/HTTPS
163.177.151.23:80,HTTP
128.199.142.35:8080,HTTP/HTTPS
219.136.173.37:9797,HTTPS
110.232.83.115:8080,HTTP
121.40.81.129:8118,HTTP
103.247.121.170:8080,HTTP/HTTPS
139.59.158.155:3128,HTTP/HTTPS
94.23.148.209:3128,HTTP/HTTPS
80.245.117.132:8080,HTTP
202.162.219.74:8080,HTTPS
85.10.241.244:1080,HTTP/HTTPS
187.85.255.57:53281,HTTP
103.5.172.233:8080,HTTP
159.226.249.93:8080,HTTP
40.77.23.128:3128,HTTPS
173.233.55.116:443,HTTPS
95.24.130.204:9999,Socks4
153.3.235.82:80,HTTP
62.33.126.15:8081,HTTP
196.42.52.45:8080,HTTP/HTTPS
103.16.46.33:8080,HTTP/HTTPS
163.177.151.23:80,HTTP
128.199.142.35:8080,HTTP/HTTPS
180.183.232.236:8090,HTTP/HTTPS
219.136.173.37:9797,HTTPS
179.222.73.177:8080,HTTP/HTTPS
110.232.83.115:8080,HTTP
121.40.81.129:8118,HTTP
103.247.121.170:8080,HTTP/HTTPS
139.59.158.155:3128,HTTP/HTTPS
94.23.148.209:3128,HTTP/HTTPS
80.245.117.132:8080,HTTP
202.162.219.74:8080,HTTPS
85.10.241.244:1080,HTTP/HTTPS
187.85.255.57:53281,HTTP
103.5.172.233:8080,HTTP
159.226.249.93:8080,HTTP
153.3.235.82:80,HTTP
62.33.126.15:8081,HTTP
196.42.52.45:8080,HTTP/HTTPS
176.31.174.1:9999,HTTP
103.16.46.33:8080,HTTP/HTTPS
103.218.26.147:8080,HTTP/HTTPS
163.177.151.23:80,HTTP
128.199.142.35:8080,HTTP/HTTPS
180.183.232.236:8090,HTTP/HTTPS
219.136.173.37:9797,HTTPS
179.222.73.177:8080,HTTP/HTTPS
110.232.83.115:8080,HTTP
121.40.81.129:8118,HTTP
103.247.121.170:8080,HTTP/HTTPS
139.59.158.155:3128,HTTP/HTTPS
94.23.148.209:3128,HTTP/HTTPS
80.245.117.132:8080,HTTP
202.162.219.74:8080,HTTPS
85.10.241.244:1080,HTTP/HTTPS
187.85.255.57:53281,HTTP
153.3.235.82:80,HTTP
62.33.126.15:8081,HTTP
60.205.125.201:8888,HTTP/HTTPS
186.46.85.194:53005,HTTP
196.42.52.45:8080,HTTP/HTTPS
176.31.174.1:9999,HTTP
103.16.46.33:8080,HTTP/HTTPS
103.218.26.147:8080,HTTP/HTTPS
163.177.151.23:80,HTTP
128.199.142.35:8080,HTTP/HTTPS
180.183.232.236:8090,HTTP/HTTPS
219.136.173.37:9797,HTTPS
179.222.73.177:8080,HTTP/HTTPS
110.232.83.115:8080,HTTP
121.40.81.129:8118,HTTP
103.247.121.170:8080,HTTP/HTTPS
139.59.158.155:3128,HTTP/HTTPS
94.23.148.209:3128,HTTP/HTTPS
80.245.117.132:8080,HTTP
202.162.219.74:8080,HTTPS
162.243.107.45:3128,HTTP
196.61.27.61:53281,HTTP
64.34.21.84:80,HTTPS
45.55.23.78:8080,HTTP
180.250.220.162:8080,HTTPS
114.199.125.242:8080,HTTP/HTTPS
189.52.165.134:1080,Socks4
145.239.77.20:80,HTTP
45.115.65.108:8080,HTTPS
142.147.114.227:8080,HTTP/HTTPS
138.197.157.68:1080,Socks5
103.248.248.77:3128,HTTP/HTTPS
111.62.243.64:80,HTTP
139.255.73.130:3128,HTTP/HTTPS
114.134.88.118:52305,HTTPS
220.80.174.36:80,HTTP
178.60.28.98:9999,HTTP
91.236.94.30:8080,HTTP/HTTPS
197.254.2.6:65301,HTTPS
91.185.21.124:8123,HTTPS
36.66.16.207:8080,HTTPS
162.243.107.45:3128,HTTP
107.174.26.57:1080,HTTP
196.61.27.61:53281,HTTP
64.34.21.84:80,HTTPS
45.55.23.78:8080,HTTP
180.250.220.162:8080,HTTPS
114.199.125.242:8080,HTTP/HTTPS
189.52.165.134:1080,Socks4
145.239.77.20:80,HTTP
45.115.65.108:8080,HTTPS
142.147.114.227:8080,HTTP/HTTPS
138.197.157.68:1080,Socks5
103.248.248.77:3128,HTTP/HTTPS
111.62.243.64:80,HTTP
139.255.73.130:3128,HTTP/HTTPS
114.134.88.118:52305,HTTPS
220.80.174.36:80,HTTP
178.60.28.98:9999,HTTP
91.236.94.30:8080,HTTP/HTTPS
36.66.16.207:8080,HTTPS
177.231.111.141:8080,HTTP
162.243.107.45:3128,HTTP
107.174.26.57:1080,HTTP
196.61.27.61:53281,HTTP
64.34.21.84:80,HTTPS
45.55.23.78:8080,HTTP
180.250.220.162:8080,HTTPS
114.199.125.242:8080,HTTP/HTTPS
189.52.165.134:1080,Socks4
145.239.77.20:80,HTTP
45.115.65.108:8080,HTTPS
142.147.114.227:8080,HTTP/HTTPS
138.197.157.68:1080,Socks5
103.248.248.77:3128,HTTP/HTTPS
111.62.243.64:80,HTTP
139.255.73.130:3128,HTTP/HTTPS
114.134.88.118:52305,HTTPS
220.80.174.36:80,HTTP
178.60.28.98:9999,HTTP
58.101.87.70:80,HTTP
122.183.137.190:8080,HTTP/HTTPS
41.78.89.35:8080,HTTP
103.204.190.8:65103,HTTP
36.66.16.207:8080,HTTPS
177.231.111.141:8080,HTTP
162.243.107.45:3128,HTTP
107.174.26.57:1080,HTTP
196.61.27.61:53281,HTTP
64.34.21.84:80,HTTPS
45.55.23.78:8080,HTTP
180.250.220.162:8080,HTTPS
114.199.125.242:8080,HTTP/HTTPS
189.52.165.134:1080,Socks4
145.239.77.20:80,HTTP
45.115.65.108:8080,HTTPS
142.147.114.227:8080,HTTP/HTTPS
138.197.157.68:1080,Socks5
103.248.248.77:3128,HTTP/HTTPS
111.62.243.64:80,HTTP
58.101.87.70:80,HTTP
134.213.49.60:5601,HTTP
122.183.137.190:8080,HTTP/HTTPS
41.78.89.35:8080,HTTP
103.204.190.8:65103,HTTP
36.66.16.207:8080,HTTPS
177.231.111.141:8080,HTTP
162.243.107.45:3128,HTTP
107.174.26.57:1080,HTTP
196.61.27.61:53281,HTTP
64.34.21.84:80,HTTPS
45.55.23.78:8080,HTTP
180.250.220.162:8080,HTTPS
114.199.125.242:8080,HTTP/HTTPS
189.52.165.134:1080,Socks4
145.239.77.20:80,HTTP
45.115.65.108:8080,HTTPS
142.147.114.227:8080,HTTP/HTTPS
138.197.157.68:1080,Socks5
103.248.248.77:3128,HTTP/HTTPS
60.213.10.234:8118,HTTP
202.159.48.202:65205,HTTP/HTTPS
197.254.2.6:65301,HTTP
124.205.155.157:9090,HTTPS
85.11.124.195:80,HTTPS
38.132.124.157:808,HTTP/HTTPS
190.152.4.54:65301,HTTP
197.32.203.229:8080,HTTP
182.34.52.114:46859,HTTP/HTTPS
180.246.155.19:8080,HTTP/HTTPS
130.0.26.226:8080,HTTPS
180.253.45.230:8080,HTTPS
91.205.52.234:8081,HTTP
36.67.231.3:8080,HTTP
98.175.250.107:8090,HTTPS
41.169.6.195:53281,HTTP
175.16.123.60:8118,HTTP
190.2.132.12:1080,HTTP
165.227.215.71:8080,HTTP
158.69.48.38:3128,HTTP/HTTPS
182.253.106.37:8080,HTTP
115.36.54.104:3128,HTTP/HTTPS
212.48.85.164:3128,HTTP/HTTPS
60.213.10.234:8118,HTTP
202.159.48.202:65205,HTTP/HTTPS
197.254.2.6:65301,HTTP
124.205.155.157:9090,HTTPS
85.11.124.195:80,HTTPS
38.132.124.157:808,HTTP/HTTPS
190.152.4.54:65301,HTTP
197.32.203.229:8080,HTTP
182.34.52.114:46859,HTTP/HTTPS
180.246.155.19:8080,HTTP/HTTPS
130.0.26.226:8080,HTTPS
180.253.45.230:8080,HTTPS
91.205.52.234:8081,HTTP
36.67.231.3:8080,HTTP
98.175.250.107:8090,HTTPS
41.169.6.195:53281,HTTP
175.16.123.60:8118,HTTP
108.174.196.96:3128,HTTP/HTTPS
185.17.132.66:53281,HTTP/HTTPS
182.253.106.37:8080,HTTP
115.36.54.104:3128,HTTP/HTTPS
212.48.85.164:3128,HTTP/HTTPS
60.213.10.234:8118,HTTP
202.159.48.202:65205,HTTP/HTTPS
197.254.2.6:65301,HTTP
124.205.155.157:9090,HTTPS
85.11.124.195:80,HTTPS
38.132.124.157:808,HTTP/HTTPS
190.152.4.54:65301,HTTP
197.32.203.229:8080,HTTP
182.34.52.114:46859,HTTP/HTTPS
180.246.155.19:8080,HTTP/HTTPS
130.0.26.226:8080,HTTPS
180.253.45.230:8080,HTTPS
91.205.52.234:8081,HTTP
36.67.231.3:8080,HTTP
98.175.250.107:8090,HTTPS
187.94.99.197:1080,Socks4
82.193.148.85:8081,HTTP
125.126.169.149:47071,HTTP/HTTPS
108.174.196.96:3128,HTTP/HTTPS
185.17.132.66:53281,HTTP/HTTPS
182.253.106.37:8080,HTTP
115.36.54.104:3128,HTTP/HTTPS
212.48.85.164:3128,HTTP/HTTPS
60.213.10.234:8118,HTTP
202.159.48.202:65205,HTTP/HTTPS
197.254.2.6:65301,HTTP
124.205.155.157:9090,HTTPS
85.11.124.195:80,HTTPS
38.132.124.157:808,HTTP/HTTPS
190.152.4.54:65301,HTTP
197.32.203.229:8080,HTTP
182.34.52.114:46859,HTTP/HTTPS
180.246.155.19:8080,HTTP/HTTPS
130.0.26.226:8080,HTTPS
180.253.45.230:8080,HTTPS
187.94.99.197:1080,Socks4
202.136.89.146:8080,HTTP
82.193.148.85:8081,HTTP
125.126.169.149:47071,HTTP/HTTPS
108.174.196.96:3128,HTTP/HTTPS
185.17.132.66:53281,HTTP/HTTPS
182.253.106.37:8080,HTTP
115.36.54.104:3128,HTTP/HTTPS
212.48.85.164:3128,HTTP/HTTPS
60.213.10.234:8118,HTTP
202.159.48.202:65205,HTTP/HTTPS
197.254.2.6:65301,HTTP
124.205.155.157:9090,HTTPS
85.11.124.195:80,HTTPS
38.132.124.157:808,HTTP/HTTPS
190.152.4.54:65301,HTTP
197.32.203.229:8080,HTTP
182.34.52.114:46859,HTTP/HTTPS
180.246.155.19:8080,HTTP/HTTPS
130.0.26.226:8080,HTTPS
207.154.231.216:8080,HTTP
89.248.172.234:1080,Socks4
186.47.46.6:1080,Socks4
61.155.164.107:3128,HTTP/HTTPS
103.197.104.189:8080,HTTP/HTTPS
61.155.164.109:3128,HTTP/HTTPS
89.28.53.42:8080,HTTPS
138.197.157.68:1080,Socks5
31.223.176.62:8080,HTTP
85.10.241.245:1080,HTTPS
197.51.186.107:80,HTTP
180.183.246.119:8080,HTTPS
113.160.154.11:8080,HTTP/HTTPS
191.102.122.3:65301,HTTP/HTTPS
186.188.125.233:8080,HTTP
49.48.220.38:8080,HTTP/HTTPS
175.160.134.245:80,HTTP
189.85.84.186:80,HTTP/HTTPS
101.255.17.246:1080,Socks4
39.137.83.132:80,HTTP
207.154.231.216:8080,HTTP
123.114.206.113:8118,HTTP
89.248.172.234:1080,Socks4
186.47.46.6:1080,Socks4
122.183.137.190:8080,HTTP/HTTPS
202.145.2.54:8080,HTTP/HTTPS
61.155.164.107:3128,HTTP/HTTPS
103.197.104.189:8080,HTTP/HTTPS
61.155.164.109:3128,HTTP/HTTPS
89.28.53.42:8080,HTTPS
138.197.157.68:1080,Socks5
31.223.176.62:8080,HTTP
85.10.241.245:1080,HTTPS
197.51.186.107:80,HTTP
180.183.246.119:8080,HTTPS
113.160.154.11:8080,HTTP/HTTPS
191.102.122.3:65301,HTTP/HTTPS
186.188.125.233:8080,HTTP
49.48.220.38:8080,HTTP/HTTPS
175.160.134.245:80,HTTP
207.154.231.216:8080,HTTP
123.114.206.113:8118,HTTP
89.248.172.234:1080,Socks4
45.6.216.66:3128,HTTP/HTTPS
103.238.231.60:45619,HTTP
186.47.46.6:1080,Socks4
158.69.48.38:3128,HTTP/HTTPS
122.183.137.190:8080,HTTP/HTTPS
202.145.2.54:8080,HTTP/HTTPS
61.155.164.107:3128,HTTP/HTTPS
103.197.104.189:8080,HTTP/HTTPS
61.155.164.109:3128,HTTP/HTTPS
89.28.53.42:8080,HTTPS
138.197.157.68:1080,Socks5
31.223.176.62:8080,HTTP
85.10.241.245:1080,HTTPS
197.51.186.107:80,HTTP
180.183.246.119:8080,HTTPS
113.160.154.11:8080,HTTP/HTTPS
191.102.122.3:65301,HTTP/HTTPS
207.154.231.216:8080,HTTP
123.114.206.113:8118,HTTP
89.248.172.234:1080,Socks4
185.144.64.58:8080,HTTPS
103.254.16.21:8080,HTTPS
190.152.4.54:65301,HTTP/HTTPS
45.6.216.66:3128,HTTP/HTTPS
103.238.231.60:45619,HTTP
186.47.46.6:1080,Socks4
158.69.48.38:3128,HTTP/HTTPS
122.183.137.190:8080,HTTP/HTTPS
202.145.2.54:8080,HTTP/HTTPS
61.155.164.107:3128,HTTP/HTTPS
103.197.104.189:8080,HTTP/HTTPS
61.155.164.109:3128,HTTP/HTTPS
89.28.53.42:8080,HTTPS
138.197.157.68:1080,Socks5
31.223.176.62:8080,HTTP
85.10.241.245:1080,HTTPS
197.51.186.107:80,HTTP
180.210.206.52:3128,HTTP
202.98.197.245:3128,HTTP/HTTPS
207.154.231.216:8080,HTTP
123.114.206.113:8118,HTTP
89.248.172.234:1080,Socks4
185.144.64.58:8080,HTTPS
103.254.16.21:8080,HTTPS
190.152.4.54:65301,HTTP/HTTPS
45.6.216.66:3128,HTTP/HTTPS
103.238.231.60:45619,HTTP
186.47.46.6:1080,Socks4
158.69.48.38:3128,HTTP/HTTPS
122.183.137.190:8080,HTTP/HTTPS
202.145.2.54:8080,HTTP/HTTPS
61.155.164.107:3128,HTTP/HTTPS
103.197.104.189:8080,HTTP/HTTPS
61.155.164.109:3128,HTTP/HTTPS
89.28.53.42:8080,HTTPS
138.197.157.68:1080,Socks5
31.223.176.62:8080,HTTP
223.25.99.163:1180,Socks4
183.88.217.201:8080,HTTP
93.159.247.218:8081,HTTP
173.249.15.109:3128,HTTP/HTTPS
89.28.53.42:8080,HTTP/HTTPS
36.67.231.3:8080,HTTP
49.49.160.62:8080,HTTP/HTTPS
138.97.236.11:1080,Socks4
31.42.112.32:53281,HTTP/HTTPS
112.117.226.202:9999,HTTP/HTTPS
91.102.218.5:3128,HTTPS
202.159.48.202:65205,HTTPS
180.234.223.18:63909,HTTP
180.245.206.42:8080,HTTP/HTTPS
202.57.48.98:8085,HTTP
47.88.84.190:8080,HTTP
103.31.250.197:3128,HTTP/HTTPS
109.105.51.18:53281,HTTP/HTTPS
202.100.83.139:80,HTTP
180.253.45.230:8080,HTTP/HTTPS
223.25.99.163:1180,Socks4
103.69.111.175:8080,HTTP
139.59.96.216:8000,HTTP/HTTPS
190.7.112.18:3130,HTTP/HTTPS
190.2.131.199:1080,HTTP/HTTPS
123.55.92.154:30467,HTTP/HTTPS
183.163.37.97:45619,HTTPS
116.212.107.115:8080,HTTP/HTTPS
183.88.217.201:8080,HTTP
93.159.247.218:8081,HTTP
173.249.15.109:3128,HTTP/HTTPS
89.28.53.42:8080,HTTP/HTTPS
36.67.231.3:8080,HTTP
49.49.160.62:8080,HTTP/HTTPS
138.97.236.11:1080,Socks4
31.42.112.32:53281,HTTP/HTTPS
112.117.226.202:9999,HTTP/HTTPS
91.102.218.5:3128,HTTPS
202.159.48.202:65205,HTTPS
180.234.223.18:63909,HTTP
223.25.99.163:1180,Socks4
169.255.5.178:8080,HTTP/HTTPS
117.239.240.202:53281,HTTP
177.65.239.9:3128,HTTPS
190.12.48.158:52305,HTTP/HTTPS
103.69.111.175:8080,HTTP
139.59.96.216:8000,HTTP/HTTPS
190.7.112.18:3130,HTTP/HTTPS
190.2.131.199:1080,HTTP/HTTPS
123.55.92.154:30467,HTTP/HTTPS
183.163.37.97:45619,HTTPS
116.212.107.115:8080,HTTP/HTTPS
183.88.217.201:8080,HTTP
93.159.247.218:8081,HTTP
173.249.15.109:3128,HTTP/HTTPS
89.28.53.42:8080,HTTP/HTTPS
36.67.231.3:8080,HTTP
49.49.160.62:8080,HTTP/HTTPS
138.97.236.11:1080,Socks4
31.42.112.32:53281,HTTP/HTTPS
114.240.255.11:1080,Socks5
223.25.99.163:1180,Socks4
110.232.83.115:8080,HTTP
201.249.88.225:80,HTTP
188.0.226.248:53281,HTTP/HTTPS
169.255.5.178:8080,HTTP/HTTPS
117.239.240.202:53281,HTTP
177.65.239.9:3128,HTTPS
190.12.48.158:52305,HTTP/HTTPS
103.69.111.175:8080,HTTP
139.59.96.216:8000,HTTP/HTTPS
190.7.112.18:3130,HTTP/HTTPS
190.2.131.199:1080,HTTP/HTTPS
123.55.92.154:30467,HTTP/HTTPS
183.163.37.97:45619,HTTPS
116.212.107.115:8080,HTTP/HTTPS
183.88.217.201:8080,HTTP
93.159.247.218:8081,HTTP
173.249.15.109:3128,HTTP/HTTPS
89.28.53.42:8080,HTTP/HTTPS
114.240.255.11:1080,Socks5
118.171.25.15:3128,HTTPS
223.25.99.163:1180,Socks4
110.232.83.115:8080,HTTP
201.249.88.225:80,HTTP
188.0.226.248:53281,HTTP/HTTPS
169.255.5.178:8080,HTTP/HTTPS
117.239.240.202:53281,HTTP
177.65.239.9:3128,HTTPS
190.12.48.158:52305,HTTP/HTTPS
103.69.111.175:8080,HTTP
139.59.96.216:8000,HTTP/HTTPS
190.7.112.18:3130,HTTP/HTTPS
190.2.131.199:1080,HTTP/HTTPS
123.55.92.154:30467,HTTP/HTTPS
183.163.37.97:45619,HTTPS
116.212.107.115:8080,HTTP/HTTPS
183.88.217.201:8080,HTTP
93.159.247.218:8081,HTTP
173.249.15.109:3128,HTTP/HTTPS
159.203.161.211:3128,HTTP
103.225.92.8:8080,HTTP/HTTPS
93.159.247.218:8081,HTTP
139.255.57.32:8080,HTTP/HTTPS
93.180.7.246:8080,HTTP
187.190.221.71:3128,HTTP/HTTPS
62.1.84.229:8080,HTTP
159.117.136.6:808,HTTPS
43.242.242.118:53281,HTTP/HTTPS
195.208.172.20:8080,HTTP/HTTPS
119.49.144.83:80,HTTP
148.251.218.210:1080,Socks5
189.80.124.122:8080,HTTP
112.140.184.147:3129,HTTP
123.185.130.5:8118,HTTP
188.165.240.92:3128,HTTP/HTTPS
51.15.2.43:3128,HTTP/HTTPS
5.19.183.8:8080,HTTP/HTTPS
45.77.49.179:1080,HTTP/HTTPS
217.170.252.60:3128,HTTP/HTTPS
39.137.83.132:80,HTTP
89.249.203.90:55555,HTTP/HTTPS
198.23.143.8:8080,HTTP
148.72.168.177:1080,HTTP/HTTPS
185.71.80.3:8888,HTTPS
159.203.161.211:3128,HTTP
103.225.92.8:8080,HTTP/HTTPS
93.159.247.218:8081,HTTP
139.255.57.32:8080,HTTP/HTTPS
93.180.7.246:8080,HTTP
187.190.221.71:3128,HTTP/HTTPS
62.1.84.229:8080,HTTP
159.117.136.6:808,HTTPS
43.242.242.118:53281,HTTP/HTTPS
195.208.172.20:8080,HTTP/HTTPS
119.49.144.83:80,HTTP
148.251.218.210:1080,Socks5
189.80.124.122:8080,HTTP
112.140.184.147:3129,HTTP
123.185.130.5:8118,HTTP
39.137.83.132:80,HTTP
217.219.153.242:8080,HTTPS
85.15.188.73:8080,HTTPS
1.179.185.249:8080,HTTP/HTTPS
89.249.203.90:55555,HTTP/HTTPS
95.159.69.53:80,HTTP
198.23.143.8:8080,HTTP
148.72.168.177:1080,HTTP/HTTPS
185.71.80.3:8888,HTTPS
159.203.161.211:3128,HTTP
103.225.92.8:8080,HTTP/HTTPS
93.159.247.218:8081,HTTP
139.255.57.32:8080,HTTP/HTTPS
93.180.7.246:8080,HTTP
187.190.221.71:3128,HTTP/HTTPS
62.1.84.229:8080,HTTP
159.117.136.6:808,HTTPS
43.242.242.118:53281,HTTP/HTTPS
195.208.172.20:8080,HTTP/HTTPS
119.49.144.83:80,HTTP
89.248.172.234:1080,Socks4
39.137.83.132:80,HTTP
195.133.220.18:42619,HTTP
41.78.89.35:8080,HTTP
190.2.132.65:1080,HTTP/HTTPS
217.219.153.242:8080,HTTPS
85.15.188.73:8080,HTTPS
1.179.185.249:8080,HTTP/HTTPS
89.249.203.90:55555,HTTP/HTTPS
95.159.69.53:80,HTTP
198.23.143.8:8080,HTTP
148.72.168.177:1080,HTTP/HTTPS
185.71.80.3:8888,HTTPS
159.203.161.211:3128,HTTP
103.225.92.8:8080,HTTP/HTTPS
93.159.247.218:8081,HTTP
139.255.57.32:8080,HTTP/HTTPS
93.180.7.246:8080,HTTP
187.190.221.71:3128,HTTP/HTTPS
62.1.84.229:8080,HTTP
101.53.101.172:9999,HTTP
45.55.27.17:1080,Socks5
188.166.83.12:3128,HTTP
62.33.245.137:1080,Socks4
85.10.241.242:1080,HTTP/HTTPS
187.85.179.69:3128,HTTPS
114.4.39.54:8080,HTTP
188.166.83.6:1080,Socks5
1.9.78.19:80,HTTP
221.7.255.168:8080,HTTP/HTTPS
5.57.34.34:8080,HTTP/HTTPS
89.248.172.234:1080,Socks4
202.56.203.40:80,HTTP/HTTPS
83.136.114.236:3128,HTTPS
110.77.221.154:8080,HTTP/HTTPS
186.4.192.202:8080,HTTP/HTTPS
109.72.229.114:53281,HTTP/HTTPS
103.92.142.147:53281,HTTPS
138.219.246.38:8080,HTTP
103.248.248.77:3128,HTTP/HTTPS
77.55.218.188:1080,Socks4
101.53.101.172:9999,HTTP
45.55.27.17:1080,Socks5
188.166.83.12:3128,HTTP
88.147.159.167:53281,HTTP/HTTPS
62.33.245.137:1080,Socks4
85.10.241.242:1080,HTTP/HTTPS
113.13.185.130:65309,HTTP/HTTPS
187.85.179.69:3128,HTTPS
114.4.39.54:8080,HTTP
188.166.83.6:1080,Socks5
1.9.78.19:80,HTTP
221.7.255.168:8080,HTTP/HTTPS
5.57.34.34:8080,HTTP/HTTPS
89.248.172.234:1080,Socks4
202.56.203.40:80,HTTP/HTTPS
83.136.114.236:3128,HTTPS
110.77.221.154:8080,HTTP/HTTPS
186.4.192.202:8080,HTTP/HTTPS
109.72.229.114:53281,HTTP/HTTPS
77.55.218.188:1080,Socks4
101.53.101.172:9999,HTTP
45.55.27.17:1080,Socks5
188.166.83.12:3128,HTTP
201.249.88.225:80,HTTP/HTTPS
78.132.141.170:8080,HTTP/HTTPS
67.45.172.162:87,HTTP
89.144.21.139:3128,HTTP
78.160.160.197:80,HTTP
88.147.159.167:53281,HTTP/HTTPS
62.33.245.137:1080,Socks4
85.10.241.242:1080,HTTP/HTTPS
113.13.185.130:65309,HTTP/HTTPS
187.85.179.69:3128,HTTPS
114.4.39.54:8080,HTTP
188.166.83.6:1080,Socks5
1.9.78.19:80,HTTP
221.7.255.168:8080,HTTP/HTTPS
5.57.34.34:8080,HTTP/HTTPS
89.248.172.234:1080,Socks4
148.251.218.210:1080,Socks5
91.203.125.46:8081,HTTP
77.55.218.188:1080,Socks4
121.232.146.189:9000,HTTP
101.53.101.172:9999,HTTP
45.55.27.17:1080,Socks5
188.166.83.12:3128,HTTP
117.158.160.247:9797,HTTP
201.249.88.225:80,HTTP/HTTPS
78.132.141.170:8080,HTTP/HTTPS
67.45.172.162:87,HTTP
89.144.21.139:3128,HTTP
78.160.160.197:80,HTTP
88.147.159.167:53281,HTTP/HTTPS
62.33.245.137:1080,Socks4
85.10.241.242:1080,HTTP/HTTPS
113.13.185.130:65309,HTTP/HTTPS
187.85.179.69:3128,HTTPS
114.4.39.54:8080,HTTP
188.166.83.6:1080,Socks5
148.251.218.210:1080,Socks5
91.203.125.46:8081,HTTP
77.55.218.188:1080,Socks4
203.142.68.140:80,HTTPS
211.159.177.212:3128,HTTP/HTTPS
51.15.2.43:3128,HTTP/HTTPS
185.128.104.125:8080,HTTPS
121.232.146.189:9000,HTTP
101.53.101.172:9999,HTTP
45.55.27.17:1080,Socks5
188.166.83.12:3128,HTTP
117.158.160.247:9797,HTTP
201.249.88.225:80,HTTP/HTTPS
78.132.141.170:8080,HTTP/HTTPS
67.45.172.162:87,HTTP
89.144.21.139:3128,HTTP
78.160.160.197:80,HTTP
88.147.159.167:53281,HTTP/HTTPS
62.33.245.137:1080,Socks4
85.10.241.242:1080,HTTP/HTTPS
138.197.157.45:8080,HTTP
41.196.6.140:8080,HTTP
221.7.255.167:80,HTTP/HTTPS
207.154.231.213:3128,HTTP
188.211.227.149:53281,HTTP/HTTPS
123.7.38.31:9999,HTTP/HTTPS
45.63.11.151:8118,HTTP
41.60.237.119:45619,HTTP
93.180.7.246:8080,HTTP
61.7.214.138:3128,HTTP/HTTPS
117.65.32.55:45619,HTTPS
95.24.130.204:8888,HTTP/HTTPS
188.165.4.213:8080,HTTP/HTTPS
88.161.216.35:80,HTTP
109.167.153.201:8085,HTTP/HTTPS
116.199.115.79:80,HTTP
103.75.100.172:3128,HTTP
42.52.14.176:80,HTTP
180.234.223.18:63909,HTTP
120.199.64.163:8081,HTTP
112.140.187.82:3128,HTTP
165.227.215.71:8080,HTTP
138.197.157.45:8080,HTTP
185.71.80.3:8888,HTTP
85.10.241.247:1080,HTTP/HTTPS
77.91.65.52:39275,HTTP/HTTPS
213.178.59.42:8080,HTTPS
41.196.6.140:8080,HTTP
221.7.255.167:80,HTTP/HTTPS
207.154.231.213:3128,HTTP
188.211.227.149:53281,HTTP/HTTPS
123.7.38.31:9999,HTTP/HTTPS
45.63.11.151:8118,HTTP
41.60.237.119:45619,HTTP
93.180.7.246:8080,HTTP
61.7.214.138:3128,HTTP/HTTPS
117.65.32.55:45619,HTTPS
95.24.130.204:8888,HTTP/HTTPS
188.165.4.213:8080,HTTP/HTTPS
88.161.216.35:80,HTTP
77.55.218.188:1080,Socks4
112.140.187.82:3128,HTTP
165.227.215.71:8080,HTTP
116.199.115.79:80,HTTP
95.0.32.8:53281,HTTP
138.197.157.45:8080,HTTP
61.158.187.157:8080,HTTP/HTTPS
195.190.124.202:8080,HTTP/HTTPS
185.71.80.3:8888,HTTP
85.10.241.247:1080,HTTP/HTTPS
77.91.65.52:39275,HTTP/HTTPS
213.178.59.42:8080,HTTPS
41.196.6.140:8080,HTTP
221.7.255.167:80,HTTP/HTTPS
207.154.231.213:3128,HTTP
188.211.227.149:53281,HTTP/HTTPS
123.7.38.31:9999,HTTP/HTTPS
45.63.11.151:8118,HTTP
41.60.237.119:45619,HTTP
93.180.7.246:8080,HTTP
222.33.192.238:8118,HTTP
92.42.107.229:1080,HTTP
77.55.218.188:1080,Socks4
114.253.203.162:8118,HTTP
112.140.187.82:3128,HTTP
165.227.215.71:8080,HTTP
116.74.74.64:8080,HTTP
107.172.10.23:1080,HTTP/HTTPS
123.207.142.159:80,HTTP
202.152.45.93:3128,HTTP/HTTPS
116.199.115.79:80,HTTP
95.0.32.8:53281,HTTP
138.197.157.45:8080,HTTP
61.158.187.157:8080,HTTP/HTTPS
195.190.124.202:8080,HTTP/HTTPS
185.71.80.3:8888,HTTP
85.10.241.247:1080,HTTP/HTTPS
77.91.65.52:39275,HTTP/HTTPS
213.178.59.42:8080,HTTPS
41.196.6.140:8080,HTTP
36.67.37.203:8080,HTTP
90.188.95.206:3128,HTTPS
222.33.192.238:8118,HTTP
92.42.107.229:1080,HTTP
77.55.218.188:1080,Socks4
114.253.203.162:8118,HTTP
112.140.187.82:3128,HTTP
165.227.215.71:8080,HTTP
110.170.150.165:8080,HTTP/HTTPS
116.74.74.64:8080,HTTP
107.172.10.23:1080,HTTP/HTTPS
123.207.142.159:80,HTTP
116.199.115.79:82,HTTP
202.152.45.93:3128,HTTP/HTTPS
116.199.115.79:80,HTTP
95.0.32.8:53281,HTTP
138.197.157.45:8080,HTTP
61.158.187.157:8080,HTTP/HTTPS
195.190.124.202:8080,HTTP/HTTPS
185.71.80.3:8888,HTTP
185.112.180.249:8080,HTTP
180.250.77.218:8080,HTTP
193.160.226.15:53281,HTTPS
77.37.166.116:8080,HTTPS
42.115.91.82:52225,HTTP
39.137.83.133:8080,HTTP
201.184.139.243:3128,HTTP
200.164.137.162:8080,HTTP
91.107.5.210:51816,HTTP
98.191.98.146:3128,HTTP/HTTPS
94.127.223.26:3128,HTTP/HTTPS
103.199.110.129:8080,HTTPS
121.69.37.238:8118,HTTP
92.42.107.228:1080,HTTP
162.13.166.149:3129,HTTP
85.10.241.242:1080,HTTP
188.165.240.92:3128,HTTP
188.0.168.205:8080,HTTP
200.87.180.226:65309,HTTP/HTTPS
177.157.76.247:8080,HTTP
185.112.180.249:8080,HTTP
122.136.212.132:53281,HTTPS
61.247.186.137:8080,HTTP/HTTPS
109.167.153.201:8085,HTTP/HTTPS
180.250.77.218:8080,HTTP
193.160.226.15:53281,HTTPS
77.37.166.116:8080,HTTPS
42.115.91.82:52225,HTTP
39.137.83.133:8080,HTTP
201.184.139.243:3128,HTTP
200.164.137.162:8080,HTTP
91.107.5.210:51816,HTTP
98.191.98.146:3128,HTTP/HTTPS
94.127.223.26:3128,HTTP/HTTPS
103.199.110.129:8080,HTTPS
121.69.37.238:8118,HTTP
92.42.107.228:1080,HTTP
162.13.166.149:3129,HTTP
85.10.241.242:1080,HTTP
188.165.240.92:3128,HTTP
138.68.120.201:3128,HTTP
185.112.180.249:8080,HTTP
181.115.241.90:80,HTTP
97.72.40.138:87,HTTP
217.170.252.60:3128,HTTP/HTTPS
190.223.192.224:80,HTTP
122.136.212.132:53281,HTTPS
61.247.186.137:8080,HTTP/HTTPS
109.167.153.201:8085,HTTP/HTTPS
180.250.77.218:8080,HTTP
193.160.226.15:53281,HTTPS
77.37.166.116:8080,HTTPS
42.115.91.82:52225,HTTP
39.137.83.133:8080,HTTP
201.184.139.243:3128,HTTP
200.164.137.162:8080,HTTP
91.107.5.210:51816,HTTP
98.191.98.146:3128,HTTP/HTTPS
94.127.223.26:3128,HTTP/HTTPS
103.199.110.129:8080,HTTPS
138.68.120.201:3128,HTTP
185.112.180.249:8080,HTTP
95.158.137.1:8081,HTTPS
144.217.4.80:7777,HTTP/HTTPS
181.115.241.90:80,HTTP
97.72.40.138:87,HTTP
217.170.252.60:3128,HTTP/HTTPS
190.223.192.224:80,HTTP
122.136.212.132:53281,HTTPS
61.247.186.137:8080,HTTP/HTTPS
109.167.153.201:8085,HTTP/HTTPS
180.250.77.218:8080,HTTP
193.160.226.15:53281,HTTPS
77.37.166.116:8080,HTTPS
42.115.91.82:52225,HTTP
39.137.83.133:8080,HTTP
201.184.139.243:3128,HTTP
200.164.137.162:8080,HTTP
91.107.5.210:51816,HTTP
98.191.98.146:3128,HTTP/HTTPS
37.29.48.78:8080,HTTP
138.68.120.201:3128,HTTP
210.101.131.229:8080,HTTP/HTTPS
185.112.180.249:8080,HTTP
95.158.137.1:8081,HTTPS
144.217.4.80:7777,HTTP/HTTPS
181.115.241.90:80,HTTP
97.72.40.138:87,HTTP
217.170.252.60:3128,HTTP/HTTPS
190.223.192.224:80,HTTP
122.136.212.132:53281,HTTPS
61.247.186.137:8080,HTTP/HTTPS
109.167.153.201:8085,HTTP/HTTPS
180.250.77.218:8080,HTTP
193.160.226.15:53281,HTTPS
77.37.166.116:8080,HTTPS
42.115.91.82:52225,HTTP
39.137.83.133:8080,HTTP
201.184.139.243:3128,HTTP
200.164.137.162:8080,HTTP
221.226.11.228:1080,Socks4
182.48.89.118:1080,Socks4
212.95.180.50:53281,HTTPS
87.249.205.103:8080,HTTPS
77.91.65.52:39275,HTTPS
177.157.76.247:8080,HTTP
139.59.96.216:8000,HTTP/HTTPS
213.191.2.182:8080,HTTP
185.65.186.192:8080,HTTP/HTTPS
119.252.160.34:8080,HTTP/HTTPS
207.154.245.20:80,HTTP/HTTPS
195.228.182.143:8080,HTTP/HTTPS
46.228.6.149:8081,HTTP
183.88.114.32:8080,HTTP
103.42.195.70:53281,HTTP/HTTPS
46.4.62.108:80,HTTP
119.28.128.206:9000,HTTP/HTTPS
58.11.56.116:3128,HTTP
201.22.95.10:8080,HTTP/HTTPS
77.222.139.57:8080,HTTP/HTTPS
221.226.11.228:1080,Socks4
182.48.89.118:1080,Socks4
110.243.6.51:80,HTTP
200.141.214.186:8080,HTTP
212.95.180.50:53281,HTTPS
87.249.205.103:8080,HTTPS
77.91.65.52:39275,HTTPS
177.157.76.247:8080,HTTP
139.59.96.216:8000,HTTP/HTTPS
213.191.2.182:8080,HTTP
185.65.186.192:8080,HTTP/HTTPS
119.252.160.34:8080,HTTP/HTTPS
207.154.245.20:80,HTTP/HTTPS
195.228.182.143:8080,HTTP/HTTPS
46.228.6.149:8081,HTTP
183.88.114.32:8080,HTTP
103.42.195.70:53281,HTTP/HTTPS
46.4.62.108:80,HTTP
119.28.128.206:9000,HTTP/HTTPS
58.11.56.116:3128,HTTP
221.226.11.228:1080,Socks4
182.48.89.118:1080,Socks4
94.251.6.193:81,HTTP
182.100.239.120:24125,HTTP/HTTPS
54.208.37.230:3128,HTTP
138.201.97.154:1080,HTTP/HTTPS
176.235.99.166:80,HTTP/HTTPS
110.243.6.51:80,HTTP
200.141.214.186:8080,HTTP
212.95.180.50:53281,HTTPS
87.249.205.103:8080,HTTPS
77.91.65.52:39275,HTTPS
177.157.76.247:8080,HTTP
139.59.96.216:8000,HTTP/HTTPS
213.191.2.182:8080,HTTP
185.65.186.192:8080,HTTP/HTTPS
119.252.160.34:8080,HTTP/HTTPS
207.154.245.20:80,HTTP/HTTPS
195.228.182.143:8080,HTTP/HTTPS
46.228.6.149:8081,HTTP
221.226.11.228:1080,Socks4
182.48.89.118:1080,Socks4
64.34.21.84:80,HTTP/HTTPS
103.252.32.174:8080,HTTP/HTTPS
94.251.6.193:81,HTTP
182.100.239.120:24125,HTTP/HTTPS
54.208.37.230:3128,HTTP
138.201.97.154:1080,HTTP/HTTPS
176.235.99.166:80,HTTP/HTTPS
110.243.6.51:80,HTTP
200.141.214.186:8080,HTTP
212.95.180.50:53281,HTTPS
87.249.205.103:8080,HTTPS
77.91.65.52:39275,HTTPS
177.157.76.247:8080,HTTP
139.59.96.216:8000,HTTP/HTTPS
213.191.2.182:8080,HTTP
185.65.186.192:8080,HTTP/HTTPS
119.252.160.34:8080,HTTP/HTTPS
207.154.245.20:80,HTTP/HTTPS
187.12.121.34:8080,HTTP
61.247.187.210:8080,HTTP/HTTPS
221.226.11.228:1080,Socks4
182.48.89.118:1080,Socks4
64.34.21.84:80,HTTP/HTTPS
103.252.32.174:8080,HTTP/HTTPS
94.251.6.193:81,HTTP
182.100.239.120:24125,HTTP/HTTPS
54.208.37.230:3128,HTTP
138.201.97.154:1080,HTTP/HTTPS
176.235.99.166:80,HTTP/HTTPS
110.243.6.51:80,HTTP
200.141.214.186:8080,HTTP
212.95.180.50:53281,HTTPS
87.249.205.103:8080,HTTPS
77.91.65.52:39275,HTTPS
177.157.76.247:8080,HTTP
139.59.96.216:8000,HTTP/HTTPS
213.191.2.182:8080,HTTP
185.65.186.192:8080,HTTP/HTTPS
188.226.141.211:8080,HTTP
119.27.162.38:9999,HTTP
182.68.216.55:80,HTTP
201.67.41.199:8083,HTTP/HTTPS
209.126.102.151:8928,HTTP
98.191.98.146:3128,HTTP/HTTPS
173.233.55.115:443,HTTPS
180.188.196.103:3128,HTTP/HTTPS
110.232.74.8:8080,HTTP
201.249.88.230:80,HTTPS
91.107.5.210:51816,HTTP/HTTPS
14.207.79.239:8080,HTTP/HTTPS
117.239.240.202:53281,HTTP/HTTPS
61.155.164.109:3128,HTTP/HTTPS
185.85.21.6:53281,HTTP/HTTPS
187.32.4.66:8080,HTTPS
220.249.185.178:9999,HTTP/HTTPS
81.163.119.84:53281,HTTP/HTTPS
84.46.76.196:3128,HTTP
122.4.254.54:1080,Socks4
188.226.141.211:8080,HTTP
119.27.162.38:9999,HTTP
182.68.216.55:80,HTTP
201.67.41.199:8083,HTTP/HTTPS
209.126.102.151:8928,HTTP
98.191.98.146:3128,HTTP/HTTPS
173.233.55.115:443,HTTPS
180.188.196.103:3128,HTTP/HTTPS
110.232.74.8:8080,HTTP
201.249.88.230:80,HTTPS
91.107.5.210:51816,HTTP/HTTPS
14.207.79.239:8080,HTTP/HTTPS
117.239.240.202:53281,HTTP/HTTPS
61.155.164.109:3128,HTTP/HTTPS
185.85.21.6:53281,HTTP/HTTPS
187.32.4.66:8080,HTTPS
220.249.185.178:9999,HTTP/HTTPS
81.163.119.84:53281,HTTP/HTTPS
84.46.76.196:3128,HTTP
122.4.254.54:1080,Socks4
188.226.141.211:8080,HTTP
119.27.162.38:9999,HTTP
182.68.216.55:80,HTTP
197.97.138.21:8080,HTTPS
41.160.222.187:53281,HTTP
112.95.189.11:9797,HTTP
201.67.41.199:8083,HTTP/HTTPS
209.126.102.151:8928,HTTP
98.191.98.146:3128,HTTP/HTTPS
173.233.55.115:443,HTTPS
180.188.196.103:3128,HTTP/HTTPS
110.232.74.8:8080,HTTP
201.249.88.230:80,HTTPS
91.107.5.210:51816,HTTP/HTTPS
14.207.79.239:8080,HTTP/HTTPS
117.239.240.202:53281,HTTP/HTTPS
61.155.164.109:3128,HTTP/HTTPS
185.85.21.6:53281,HTTP/HTTPS
187.32.4.66:8080,HTTPS
220.249.185.178:9999,HTTP/HTTPS
188.226.141.211:8080,HTTP
119.27.162.38:9999,HTTP
187.86.132.26:3128,HTTP
61.6.174.102:53281,HTTP/HTTPS
182.68.216.55:80,HTTP
197.97.138.21:8080,HTTPS
41.160.222.187:53281,HTTP
112.95.189.11:9797,HTTP
201.67.41.199:8083,HTTP/HTTPS
209.126.102.151:8928,HTTP
98.191.98.146:3128,HTTP/HTTPS
173.233.55.115:443,HTTPS
180.188.196.103:3128,HTTP/HTTPS
110.232.74.8:8080,HTTP
201.249.88.230:80,HTTPS
91.107.5.210:51816,HTTP/HTTPS
14.207.79.239:8080,HTTP/HTTPS
117.239.240.202:53281,HTTP/HTTPS
61.155.164.109:3128,HTTP/HTTPS
185.85.21.6:53281,HTTP/HTTPS
123.206.55.132:8118,HTTP
114.240.255.11:1080,Socks5
210.211.18.62:8080,HTTPS
188.226.141.211:8080,HTTP
119.27.162.38:9999,HTTP
103.239.254.114:8080,HTTP
187.86.132.26:3128,HTTP
61.6.174.102:53281,HTTP/HTTPS
182.68.216.55:80,HTTP
197.97.138.21:8080,HTTPS
41.160.222.187:53281,HTTP
112.95.189.11:9797,HTTP
201.67.41.199:8083,HTTP/HTTPS
209.126.102.151:8928,HTTP
98.191.98.146:3128,HTTP/HTTPS
173.233.55.115:443,HTTPS
180.188.196.103:3128,HTTP/HTTPS
110.232.74.8:8080,HTTP
201.249.88.230:80,HTTPS
91.107.5.210:51816,HTTP/HTTPS
164.132.229.75:80,HTTP
207.154.231.213:3128,HTTP
201.167.56.18:53281,HTTP/HTTPS
213.144.123.146:80,HTTPS
174.32.127.18:87,HTTP
114.214.178.225:1080,Socks5
67.52.76.210:48678,HTTPS
80.89.133.210:3128,HTTPS
103.76.50.181:8080,HTTPS
177.11.136.138:1080,Socks4
103.56.235.228:8080,HTTP
89.30.96.166:3128,HTTP/HTTPS
196.15.206.195:8080,HTTP
132.148.82.232:80,HTTP
181.168.150.78:8080,HTTP
207.154.231.210:8080,HTTP
203.190.14.54:8080,HTTPS
190.151.10.226:8080,HTTPS
134.213.49.87:4444,HTTP
61.247.186.137:8080,HTTP/HTTPS
116.228.3.82:80,Socks4/Socks5
61.52.253.116:8888,Socks4
164.132.229.75:80,HTTP
60.213.10.234:8118,HTTP
207.154.231.213:3128,HTTP
201.167.56.18:53281,HTTP/HTTPS
117.65.47.114:45619,HTTP
160.202.42.58:8080,HTTP
213.144.123.146:80,HTTPS
174.32.127.18:87,HTTP
114.214.178.225:1080,Socks5
67.52.76.210:48678,HTTPS
80.89.133.210:3128,HTTPS
103.76.50.181:8080,HTTPS
177.11.136.138:1080,Socks4
103.56.235.228:8080,HTTP
89.30.96.166:3128,HTTP/HTTPS
196.15.206.195:8080,HTTP
132.148.82.232:80,HTTP
181.168.150.78:8080,HTTP
186.148.170.70:1080,Socks4
186.47.46.6:1080,Socks4
116.228.3.82:80,Socks4/Socks5
61.52.253.116:8888,Socks4
164.132.229.75:80,HTTP
60.213.10.234:8118,HTTP
207.154.231.213:3128,HTTP
201.167.56.18:53281,HTTP/HTTPS
103.251.164.4:1080,HTTP
118.91.163.142:80,HTTP
117.65.47.114:45619,HTTP
160.202.42.58:8080,HTTP
213.144.123.146:80,HTTPS
174.32.127.18:87,HTTP
67.52.76.210:48678,HTTPS
80.89.133.210:3128,HTTPS
103.76.50.181:8080,HTTPS
177.11.136.138:1080,Socks4
103.56.235.228:8080,HTTP
89.30.96.166:3128,HTTP/HTTPS
186.148.170.70:1080,Socks4
186.47.46.6:1080,Socks4
116.228.3.82:80,Socks4/Socks5
61.52.253.116:8888,Socks4
164.132.229.75:80,HTTP
60.213.10.234:8118,HTTP
207.154.231.213:3128,HTTP
178.132.3.133:1080,HTTP/HTTPS
201.167.56.18:53281,HTTP/HTTPS
103.251.164.4:1080,HTTP
84.22.35.34:3129,HTTP
118.91.163.142:80,HTTP
117.65.47.114:45619,HTTP
160.202.42.58:8080,HTTP
213.144.123.146:80,HTTPS
174.32.127.18:87,HTTP
67.52.76.210:48678,HTTPS
80.89.133.210:3128,HTTPS
103.76.50.181:8080,HTTPS
177.11.136.138:1080,Socks4
140.205.222.3:80,HTTP
159.203.161.211:3128,HTTP
190.96.47.237:80,HTTP
203.115.102.144:8080,HTTPS
123.57.76.102:80,HTTP
58.249.55.222:9797,HTTP/HTTPS
177.67.216.166:53281,HTTP
115.226.144.74:22319,HTTP/HTTPS
181.198.242.220:8080,HTTP/HTTPS
91.234.125.208:53281,HTTP
118.171.25.15:3128,HTTPS
91.121.88.53:80,HTTPS
186.148.170.70:1080,Socks4
137.74.254.242:3128,HTTP/HTTPS
186.47.46.6:1080,Socks4
190.2.132.70:1080,HTTP/HTTPS
116.228.3.82:80,Socks4/Socks5
183.88.114.32:8080,HTTP/HTTPS
61.52.253.116:8888,Socks4
43.243.140.14:8080,HTTPS
207.154.231.208:8080,HTTP
140.205.222.3:80,HTTP
159.203.161.211:3128,HTTP
202.44.246.190:8080,HTTPS
188.209.176.134:8080,HTTPS
190.96.47.237:80,HTTP
203.115.102.144:8080,HTTPS
123.57.76.102:80,HTTP
58.249.55.222:9797,HTTP/HTTPS
177.67.216.166:53281,HTTP
115.226.144.74:22319,HTTP/HTTPS
181.198.242.220:8080,HTTP/HTTPS
91.234.125.208:53281,HTTP
118.171.25.15:3128,HTTPS
91.121.88.53:80,HTTPS
186.148.170.70:1080,Socks4
137.74.254.242:3128,HTTP/HTTPS
186.47.46.6:1080,Socks4
190.2.132.70:1080,HTTP/HTTPS
116.228.3.82:80,Socks4/Socks5
107.21.56.41:80,HTTP
190.96.47.237:80,HTTP
119.27.162.38:9999,HTTP
207.154.231.208:8080,HTTP
140.205.222.3:80,HTTP
159.203.161.211:3128,HTTP
202.44.246.190:8080,HTTPS
188.209.176.134:8080,HTTPS
203.115.102.144:8080,HTTPS
123.57.76.102:80,HTTP
58.249.55.222:9797,HTTP/HTTPS
177.67.216.166:53281,HTTP
115.226.144.74:22319,HTTP/HTTPS
181.198.242.220:8080,HTTP/HTTPS
91.234.125.208:53281,HTTP
118.171.25.15:3128,HTTPS
91.121.88.53:80,HTTPS
186.148.170.70:1080,Socks4
137.74.254.242:3128,HTTP/HTTPS
186.47.46.6:1080,Socks4
107.21.56.41:80,HTTP
190.96.47.237:80,HTTP
119.27.162.38:9999,HTTP
207.154.231.208:8080,HTTP
140.205.222.3:80,HTTP
117.69.201.165:43444,HTTP/HTTPS
159.203.161.211:3128,HTTP
31.42.112.32:53281,HTTPS
83.143.26.70:53281,HTTP
183.163.36.237:45619,HTTPS
202.44.246.190:8080,HTTPS
188.209.176.134:8080,HTTPS
203.115.102.144:8080,HTTPS
123.57.76.102:80,HTTP
58.249.55.222:9797,HTTP/HTTPS
177.67.216.166:53281,HTTP
115.226.144.74:22319,HTTP/HTTPS
181.198.242.220:8080,HTTP/HTTPS
91.234.125.208:53281,HTTP
118.171.25.15:3128,HTTPS
107.21.56.41:80,HTTP
190.96.47.237:80,HTTP
119.27.162.38:9999,HTTP
60.194.183.251:3128,HTTP
207.154.231.208:8080,HTTP
180.25.190.100:8080,HTTP/HTTPS
140.205.222.3:80,HTTP
117.69.201.165:43444,HTTP/HTTPS
159.203.161.211:3128,HTTP
31.42.112.32:53281,HTTPS
83.143.26.70:53281,HTTP
183.163.36.237:45619,HTTPS
202.44.246.190:8080,HTTPS
188.209.176.134:8080,HTTPS
203.115.102.144:8080,HTTPS
123.57.76.102:80,HTTP
58.249.55.222:9797,HTTP/HTTPS
177.67.216.166:53281,HTTP
115.226.144.74:22319,HTTP/HTTPS
181.198.242.220:8080,HTTP/HTTPS
119.27.162.38:9999,HTTP
61.141.21.34:1080,Socks4
140.205.222.3:80,HTTP
107.21.56.41:80,HTTP
190.27.196.174:8080,HTTPS
189.9.135.151:3128,HTTP/HTTPS
183.214.79.102:9797,HTTP/HTTPS
115.29.161.103:1080,Socks4
113.77.240.214:9797,HTTPS
106.14.12.240:8082,HTTP
83.217.160.10:8080,HTTPS
189.112.11.50:8082,HTTP
37.99.214.45:3128,HTTP
139.59.62.255:8080,HTTP
191.102.97.99:8080,HTTPS
46.10.229.152:53281,HTTP/HTTPS
115.226.144.74:22319,HTTP/HTTPS
87.103.174.123:8080,HTTP/HTTPS
177.67.216.166:53281,HTTP/HTTPS
211.22.55.39:3128,HTTPS
188.166.83.34:3128,HTTP
119.27.162.38:9999,HTTP
61.141.21.34:1080,Socks4
212.237.3.30:3128,HTTP/HTTPS
140.205.222.3:80,HTTP
107.21.56.41:80,HTTP
31.24.238.11:8080,HTTP/HTTPS
60.255.186.169:8888,HTTP/HTTPS
190.27.196.174:8080,HTTPS
189.9.135.151:3128,HTTP/HTTPS
183.214.79.102:9797,HTTP/HTTPS
115.29.161.103:1080,Socks4
113.77.240.214:9797,HTTPS
106.14.12.240:8082,HTTP
83.217.160.10:8080,HTTPS
189.112.11.50:8082,HTTP
37.99.214.45:3128,HTTP
139.59.62.255:8080,HTTP
191.102.97.99:8080,HTTPS
46.10.229.152:53281,HTTP/HTTPS
119.138.49.215:8118,HTTP
188.166.83.34:3128,HTTP
113.128.8.149:45140,HTTP/HTTPS
119.27.162.38:9999,HTTP
61.141.21.34:1080,Socks4
177.190.197.123:3128,HTTP
37.99.214.45:3128,HTTP/HTTPS
118.97.205.138:8080,HTTP
191.102.97.99:8080,HTTP
212.237.3.30:3128,HTTP/HTTPS
140.205.222.3:80,HTTP
107.21.56.41:80,HTTP
31.24.238.11:8080,HTTP/HTTPS
60.255.186.169:8888,HTTP/HTTPS
190.27.196.174:8080,HTTPS
189.9.135.151:3128,HTTP/HTTPS
183.214.79.102:9797,HTTP/HTTPS
115.29.161.103:1080,Socks4
113.77.240.214:9797,HTTPS
106.14.12.240:8082,HTTP
119.138.49.215:8118,HTTP
188.166.83.34:3128,HTTP
203.130.231.178:8080,HTTP
113.128.8.149:45140,HTTP/HTTPS
119.27.162.38:9999,HTTP
61.141.21.34:1080,Socks4
177.190.197.123:3128,HTTP
37.99.214.45:3128,HTTP/HTTPS
118.97.205.138:8080,HTTP
191.102.97.99:8080,HTTP
212.237.3.30:3128,HTTP/HTTPS
140.205.222.3:80,HTTP
107.21.56.41:80,HTTP
31.24.238.11:8080,HTTP/HTTPS
60.255.186.169:8888,HTTP/HTTPS
190.27.196.174:8080,HTTPS
189.9.135.151:3128,HTTP/HTTPS
183.214.79.102:9797,HTTP/HTTPS
115.29.161.103:1080,Socks4
113.77.240.214:9797,HTTPS
119.138.49.215:8118,HTTP
121.100.22.170:8080,HTTP/HTTPS
139.59.93.110:8080,HTTP/HTTPS
80.237.54.156:8080,HTTP
222.165.205.204:8080,HTTPS
68.190.17.93:8080,HTTP/HTTPS
188.166.83.34:3128,HTTP
203.130.231.178:8080,HTTP
113.128.8.149:45140,HTTP/HTTPS
119.27.162.38:9999,HTTP
61.141.21.34:1080,Socks4
177.190.197.123:3128,HTTP
37.99.214.45:3128,HTTP/HTTPS
118.97.205.138:8080,HTTP
191.102.97.99:8080,HTTP
212.237.3.30:3128,HTTP/HTTPS
140.205.222.3:80,HTTP
107.21.56.41:80,HTTP
31.24.238.11:8080,HTTP/HTTPS
60.255.186.169:8888,HTTP/HTTPS
186.148.170.70:1080,Socks4
163.177.151.162:80,HTTP
113.206.152.142:8118,HTTP
176.193.34.77:8081,HTTP
121.207.76.63:25144,HTTP/HTTPS
117.20.54.20:8080,HTTPS
95.0.242.171:8080,HTTP/HTTPS
92.42.109.42:1080,HTTP/HTTPS
95.31.19.89:8080,HTTP
39.137.83.133:8080,HTTP
41.65.89.35:8080,HTTP
119.27.162.38:9999,HTTP
121.129.127.209:80,HTTP/HTTPS
203.130.231.178:80,HTTP
91.121.88.53:80,HTTP/HTTPS
218.103.42.106:1080,HTTP
113.77.240.214:9797,HTTP/HTTPS
109.87.23.100:8080,HTTP
103.1.94.208:8080,HTTP
188.209.128.1:8080,HTTPS
175.161.193.244:80,HTTP
186.148.170.70:1080,Socks4
163.177.151.162:80,HTTP
113.206.152.142:8118,HTTP
176.193.34.77:8081,HTTP
139.59.96.216:8080,HTTP/HTTPS
124.202.247.110:8080,HTTP/HTTPS
121.207.76.63:25144,HTTP/HTTPS
117.20.54.20:8080,HTTPS
95.0.242.171:8080,HTTP/HTTPS
92.42.109.42:1080,HTTP/HTTPS
95.31.19.89:8080,HTTP
39.137.83.133:8080,HTTP
41.65.89.35:8080,HTTP
119.27.162.38:9999,HTTP
121.129.127.209:80,HTTP/HTTPS
203.130.231.178:80,HTTP
91.121.88.53:80,HTTP/HTTPS
218.103.42.106:1080,HTTP
113.77.240.214:9797,HTTP/HTTPS
186.148.170.70:1080,Socks4
175.161.193.244:80,HTTP
184.82.238.183:8080,HTTPS
183.247.152.98:53281,HTTP/HTTPS
1.255.49.75:80,HTTP/HTTPS
95.210.251.29:53281,HTTP
163.177.151.162:80,HTTP
162.243.100.84:8080,HTTP/HTTPS
114.115.140.25:3128,HTTP/HTTPS
113.206.152.142:8118,HTTP
176.193.34.77:8081,HTTP
139.59.96.216:8080,HTTP/HTTPS
124.202.247.110:8080,HTTP/HTTPS
121.207.76.63:25144,HTTP/HTTPS
117.20.54.20:8080,HTTPS
95.0.242.171:8080,HTTP/HTTPS
92.42.109.42:1080,HTTP/HTTPS
95.31.19.89:8080,HTTP
39.137.83.133:8080,HTTP
41.65.89.35:8080,HTTP
124.163.209.110:80,HTTP
103.14.27.174:8080,HTTP/HTTPS
186.148.170.70:1080,Socks4
60.205.125.201:8888,HTTP/HTTPS
175.161.193.244:80,HTTP
184.82.238.183:8080,HTTPS
183.247.152.98:53281,HTTP/HTTPS
1.255.49.75:80,HTTP/HTTPS
95.210.251.29:53281,HTTP
163.177.151.162:80,HTTP
162.243.100.84:8080,HTTP/HTTPS
114.115.140.25:3128,HTTP/HTTPS
113.206.152.142:8118,HTTP
176.193.34.77:8081,HTTP
139.59.96.216:8080,HTTP/HTTPS
124.202.247.110:8080,HTTP/HTTPS
121.207.76.63:25144,HTTP/HTTPS
117.20.54.20:8080,HTTPS
95.0.242.171:8080,HTTP/HTTPS
92.42.109.42:1080,HTTP/HTTPS
119.23.252.11:8080,HTTP
14.215.177.73:80,HTTP
124.163.209.110:80,HTTP
185.128.104.129:8080,HTTPS
45.76.255.190:3128,HTTP/HTTPS
103.14.27.174:8080,HTTP/HTTPS
186.148.170.70:1080,Socks4
60.205.125.201:8888,HTTP/HTTPS
175.161.193.244:80,HTTP
184.82.238.183:8080,HTTPS
183.247.152.98:53281,HTTP/HTTPS
1.255.49.75:80,HTTP/HTTPS
95.210.251.29:53281,HTTP
163.177.151.162:80,HTTP
162.243.100.84:8080,HTTP/HTTPS
114.115.140.25:3128,HTTP/HTTPS
113.206.152.142:8118,HTTP
176.193.34.77:8081,HTTP
139.59.96.216:8080,HTTP/HTTPS
124.202.247.110:8080,HTTP/HTTPS
47.92.73.2:8088,HTTP
163.177.151.162:80,HTTP
45.55.27.17:8080,HTTP
46.218.73.162:80,HTTP
39.137.83.133:8080,HTTP
157.255.144.77:80,HTTP
188.165.241.200:3128,HTTP/HTTPS
192.158.236.58:3128,HTTP
177.67.216.166:53281,HTTPS
67.205.146.77:1080,Socks5
210.57.214.46:3128,HTTP/HTTPS
45.76.255.190:3128,HTTP/HTTPS
92.126.153.83:8080,HTTP
92.42.109.41:1080,HTTP
183.4.29.250:8118,HTTP
154.66.122.130:53281,HTTP/HTTPS
31.130.141.155:8080,HTTPS
103.218.27.170:8080,HTTPS
45.55.27.157:1080,Socks5
195.138.86.112:3128,HTTPS
14.215.177.58:80,HTTP
47.92.73.2:8088,HTTP
163.177.151.162:80,HTTP
45.55.27.17:8080,HTTP
46.218.73.162:80,HTTP
39.137.83.133:8080,HTTP
1.196.123.211:808,HTTPS
157.255.144.77:80,HTTP
188.165.241.200:3128,HTTP/HTTPS
103.254.126.145:88,HTTP
192.158.236.58:3128,HTTP
177.67.216.166:53281,HTTPS
67.205.146.77:1080,Socks5
210.57.214.46:3128,HTTP/HTTPS
45.76.255.190:3128,HTTP/HTTPS
92.126.153.83:8080,HTTP
92.42.109.41:1080,HTTP
183.4.29.250:8118,HTTP
154.66.122.130:53281,HTTP/HTTPS
31.130.141.155:8080,HTTPS
14.215.177.58:80,HTTP
47.92.73.2:8088,HTTP
163.177.151.162:80,HTTP
45.55.27.17:8080,HTTP
46.218.73.162:80,HTTP
61.141.186.86:9797,HTTP/HTTPS
180.250.149.73:8080,HTTPS
138.219.223.166:3128,HTTP
39.137.83.133:8080,HTTP
103.242.237.153:8080,HTTP
36.72.173.187:8080,HTTP/HTTPS
1.196.123.211:808,HTTPS
219.90.87.91:53281,HTTP/HTTPS
157.255.144.77:80,HTTP
188.165.241.200:3128,HTTP/HTTPS
103.254.126.145:88,HTTP
192.158.236.58:3128,HTTP
177.67.216.166:53281,HTTPS
67.205.146.77:1080,Socks5
210.57.214.46:3128,HTTP/HTTPS
39.137.83.132:80,HTTP
31.7.225.31:1080,Socks4
14.215.177.58:80,HTTP
47.92.73.2:8088,HTTP
218.56.132.157:8080,HTTP
163.177.151.162:80,HTTP
89.38.144.95:80,HTTP
45.55.27.17:8080,HTTP
46.218.73.162:80,HTTP
178.132.3.132:1080,HTTP/HTTPS
36.67.54.41:8080,HTTP
202.51.229.185:8080,HTTP
61.141.186.86:9797,HTTP/HTTPS
180.250.149.73:8080,HTTPS
138.219.223.166:3128,HTTP
39.137.83.133:8080,HTTP
103.242.237.153:8080,HTTP
36.72.173.187:8080,HTTP/HTTPS
1.196.123.211:808,HTTPS
219.90.87.91:53281,HTTP/HTTPS
148.251.218.210:808,HTTP/HTTPS
39.137.83.132:80,HTTP
31.7.225.31:1080,Socks4
14.215.177.58:80,HTTP
47.92.73.2:8088,HTTP
218.56.132.157:8080,HTTP
163.177.151.162:80,HTTP
89.38.144.95:80,HTTP
45.55.27.17:8080,HTTP
46.218.73.162:80,HTTP
178.132.3.132:1080,HTTP/HTTPS
36.67.54.41:8080,HTTP
202.51.229.185:8080,HTTP
61.141.186.86:9797,HTTP/HTTPS
180.250.149.73:8080,HTTPS
39.137.83.133:8080,HTTP
103.242.237.153:8080,HTTP
36.72.173.187:8080,HTTP/HTTPS
1.196.123.211:808,HTTPS
219.90.87.91:53281,HTTP/HTTPS
119.23.252.11:8080,HTTP
14.215.177.73:80,HTTP
67.205.146.77:3128,HTTP
124.163.209.110:80,HTTP
45.55.27.17:1080,Socks5
101.53.101.172:9999,HTTP
181.119.115.141:53281,HTTPS
85.93.26.30:3128,HTTP
151.64.120.11:80,HTTP
49.48.220.38:8080,HTTP/HTTPS
103.251.164.20:1080,HTTP
60.205.125.201:8888,HTTP/HTTPS
58.11.56.69:3128,HTTP
47.100.48.186:80,HTTP
14.207.36.9:8080,HTTP/HTTPS
195.144.232.165:1080,Socks4
151.80.88.45:3128,HTTP/HTTPS
185.110.217.211:3128,HTTP/HTTPS
163.177.151.162:80,HTTP
200.97.131.18:8080,HTTP
182.52.236.125:8080,HTTP
223.19.51.247:8383,HTTP
221.7.255.167:80,HTTP/HTTPS
119.23.252.11:8080,HTTP
78.38.67.218:8080,HTTPS
60.213.10.234:8118,HTTP
14.215.177.73:80,HTTP
67.205.146.77:3128,HTTP
124.163.209.110:80,HTTP
45.55.27.17:1080,Socks5
178.132.3.172:1080,HTTP/HTTPS
101.53.101.172:9999,HTTP
181.119.115.141:53281,HTTPS
85.93.26.30:3128,HTTP
151.64.120.11:80,HTTP
49.48.220.38:8080,HTTP/HTTPS
103.251.164.20:1080,HTTP
60.205.125.201:8888,HTTP/HTTPS
58.11.56.69:3128,HTTP
47.100.48.186:80,HTTP
221.7.255.168:8080,HTTP/HTTPS
139.224.132.192:8080,HTTP/HTTPS
39.137.83.133:80,HTTP
182.52.236.125:8080,HTTP
157.255.144.77:80,HTTP
223.19.51.247:8383,HTTP
221.7.255.167:80,HTTP/HTTPS
119.23.252.11:8080,HTTP
78.38.67.218:8080,HTTPS
60.213.10.234:8118,HTTP
14.215.177.73:80,HTTP
67.205.146.77:3128,HTTP
124.163.209.110:80,HTTP
45.55.27.17:1080,Socks5
178.132.3.172:1080,HTTP/HTTPS
101.53.101.172:9999,HTTP
181.119.115.141:53281,HTTPS
85.93.26.30:3128,HTTP
151.64.120.11:80,HTTP
49.48.220.38:8080,HTTP/HTTPS
207.154.231.213:3128,HTTP
222.187.224.132:1080,Socks4
138.68.165.154:8080,HTTP
221.7.255.168:80,HTTP/HTTPS
221.7.255.168:8080,HTTP/HTTPS
139.224.132.192:8080,HTTP/HTTPS
39.137.83.133:80,HTTP
182.52.236.125:8080,HTTP
157.255.144.77:80,HTTP
223.19.51.247:8383,HTTP
221.7.255.167:80,HTTP/HTTPS
119.23.252.11:8080,HTTP
78.38.67.218:8080,HTTPS
60.213.10.234:8118,HTTP
14.215.177.73:80,HTTP
67.205.146.77:3128,HTTP
200.195.26.234:8080,HTTP
124.163.209.110:80,HTTP
178.158.204.119:53281,HTTP/HTTPS
212.56.204.6:52136,HTTP/HTTPS
188.166.83.20:8080,HTTP
14.215.177.58:80,HTTP
207.154.231.213:3128,HTTP
222.187.224.132:1080,Socks4
138.68.165.154:8080,HTTP
47.92.73.2:8088,HTTP
221.7.255.168:80,HTTP/HTTPS
221.7.255.168:8080,HTTP/HTTPS
139.224.132.192:8080,HTTP/HTTPS
39.137.83.133:80,HTTP
182.52.236.125:8080,HTTP
157.255.144.77:80,HTTP
223.19.51.247:8383,HTTP
221.7.255.167:80,HTTP/HTTPS
119.23.252.11:8080,HTTP
78.38.67.218:8080,HTTPS
200.123.216.249:8080,HTTP/HTTPS
31.182.52.156:3129,HTTP/HTTPS
60.213.10.234:8118,HTTP
189.112.11.57:8082,HTTPS
47.92.73.2:8088,HTTP
119.81.116.230:808,HTTP
134.35.222.10:8080,HTTP
221.7.255.167:8080,HTTP/HTTPS
182.253.26.196:8080,HTTPS
201.167.56.18:53281,HTTP/HTTPS
120.79.64.64:80,HTTP
85.185.244.113:1080,Socks4
181.30.101.244:3128,HTTP
143.208.57.51:8080,HTTPS
62.201.225.42:62225,HTTP/HTTPS
203.192.229.129:8080,HTTPS
222.139.194.4:8118,HTTP
124.104.141.23:8080,HTTP
113.65.20.144:9999,HTTP/HTTPS
13.75.47.200:3128,HTTP/HTTPS
116.62.156.137:80,HTTP/HTTPS
203.130.231.178:8080,HTTP/HTTPS
189.9.135.150:3128,HTTP/HTTPS
128.199.234.64:80,HTTP
14.215.177.58:80,HTTP
47.92.73.2:8088,HTTP
119.81.116.230:808,HTTP
134.35.222.10:8080,HTTP
123.139.28.22:80,HTTP
221.7.255.167:8080,HTTP/HTTPS
182.253.26.196:8080,HTTPS
201.167.56.18:53281,HTTP/HTTPS
120.79.64.64:80,HTTP
85.185.244.113:1080,Socks4
181.30.101.244:3128,HTTP
143.208.57.51:8080,HTTPS
62.201.225.42:62225,HTTP/HTTPS
203.192.229.129:8080,HTTPS
222.139.194.4:8118,HTTP
124.104.141.23:8080,HTTP
113.65.20.144:9999,HTTP/HTTPS
13.75.47.200:3128,HTTP/HTTPS
116.62.156.137:80,HTTP/HTTPS
203.130.231.178:8080,HTTP/HTTPS
14.215.177.58:80,HTTP
47.92.73.2:8088,HTTP
167.205.006.006:80,HTTP/HTTPS
128.199.234.64:80,HTTP/HTTPS
119.81.116.230:808,HTTP
151.106.13.232:1080,HTTP/HTTPS
115.29.236.46:3128,HTTP
134.35.222.10:8080,HTTP
123.139.28.22:80,HTTP
221.7.255.167:8080,HTTP/HTTPS
182.253.26.196:8080,HTTPS
201.167.56.18:53281,HTTP/HTTPS
120.79.64.64:80,HTTP
85.185.244.113:1080,Socks4
181.30.101.244:3128,HTTP
143.208.57.51:8080,HTTPS
62.201.225.42:62225,HTTP/HTTPS
203.192.229.129:8080,HTTPS
222.139.194.4:8118,HTTP
124.104.141.23:8080,HTTP
41.78.243.250:53281,HTTPS
14.215.177.58:80,HTTP
47.92.73.2:8088,HTTP
190.24.131.250:3128,HTTP
222.111.176.113:3128,HTTP/HTTPS
167.205.006.006:80,HTTP/HTTPS
216.164.192.25:8081,HTTP/HTTPS
86.63.211.85:3128,HTTP
200.6.168.210:3128,HTTP
128.199.234.64:80,HTTP/HTTPS
119.81.116.230:808,HTTP
151.106.13.232:1080,HTTP/HTTPS
115.29.236.46:3128,HTTP
134.35.222.10:8080,HTTP
123.139.28.22:80,HTTP
221.7.255.167:8080,HTTP/HTTPS
182.253.26.196:8080,HTTPS
201.167.56.18:53281,HTTP/HTTPS
120.79.64.64:80,HTTP
85.185.244.113:1080,Socks4
221.7.255.168:8080,HTTP/HTTPS
183.4.29.250:8118,HTTP
39.137.83.133:80,HTTP
221.7.255.167:80,HTTP/HTTPS
119.27.189.65:80,HTTP/HTTPS
220.181.163.231:80,HTTP
140.143.96.216:80,HTTP/HTTPS
151.106.13.233:1080,HTTP
110.170.150.48:8080,HTTPS
89.248.165.139:1080,Socks4
144.76.176.72:8080,HTTP
27.40.152.235:61234,HTTP
47.88.32.46:3128,HTTP
131.0.62.78:8080,HTTP/HTTPS
50.113.182.84:3128,HTTP/HTTPS
202.142.149.181:1080,Socks4
182.253.141.89:3128,HTTP/HTTPS
40.76.17.123:1080,HTTP
46.40.37.90:53281,HTTP/HTTPS
121.43.178.58:3128,HTTP/HTTPS
221.7.255.168:80,HTTP/HTTPS
89.248.165.139:1080,Socks4
221.7.255.168:8080,HTTP/HTTPS
183.4.29.250:8118,HTTP
39.137.83.133:80,HTTP
221.7.255.167:80,HTTP/HTTPS
119.27.189.65:80,HTTP/HTTPS
220.181.163.231:80,HTTP
140.143.96.216:80,HTTP/HTTPS
216.164.192.25:8081,HTTP/HTTPS
151.106.13.233:1080,HTTP
110.170.150.48:8080,HTTPS
144.76.176.72:8080,HTTP
27.40.152.235:61234,HTTP
47.88.32.46:3128,HTTP
131.0.62.78:8080,HTTP/HTTPS
50.113.182.84:3128,HTTP/HTTPS
202.142.149.181:1080,Socks4
182.253.141.89:3128,HTTP/HTTPS
40.76.17.123:1080,HTTP
221.7.255.168:80,HTTP/HTTPS
89.248.165.139:1080,Socks4
221.7.255.168:8080,HTTP/HTTPS
183.4.29.250:8118,HTTP
39.137.83.133:80,HTTP
186.193.26.106:3128,HTTP
139.219.225.161:8081,HTTP
221.7.255.167:80,HTTP/HTTPS
119.27.189.65:80,HTTP/HTTPS
220.181.163.231:80,HTTP
140.143.96.216:80,HTTP/HTTPS
216.164.192.25:8081,HTTP/HTTPS
151.106.13.233:1080,HTTP
110.170.150.48:8080,HTTPS
144.76.176.72:8080,HTTP
27.40.152.235:61234,HTTP
47.88.32.46:3128,HTTP
131.0.62.78:8080,HTTP/HTTPS
50.113.182.84:3128,HTTP/HTTPS
202.142.149.181:1080,Socks4
124.193.85.88:8080,HTTP/HTTPS
61.178.238.122:63000,HTTPS
207.154.231.208:3128,HTTP
103.12.161.1:1080,Socks4
221.7.255.168:80,HTTP/HTTPS
89.248.165.139:1080,Socks4
118.91.163.142:80,HTTP
221.7.255.168:8080,HTTP/HTTPS
109.121.163.56:53281,HTTP
183.4.29.250:8118,HTTP
209.126.102.151:9080,HTTP/HTTPS
103.225.172.21:53281,HTTP
39.137.83.133:80,HTTP
186.193.26.106:3128,HTTP
139.219.225.161:8081,HTTP
221.7.255.167:80,HTTP/HTTPS
119.27.189.65:80,HTTP/HTTPS
220.181.163.231:80,HTTP
140.143.96.216:80,HTTP/HTTPS
216.164.192.25:8081,HTTP/HTTPS
50.113.182.84:3128,HTTP/HTTPS
124.193.85.88:8080,HTTP/HTTPS
61.178.238.122:63000,HTTPS
207.154.231.208:3128,HTTP
103.12.161.1:1080,Socks4
119.42.113.178:8080,HTTP/HTTPS
221.7.255.168:80,HTTP/HTTPS
41.89.204.2:3128,HTTP
110.170.150.215:8080,HTTPS
89.248.165.139:1080,Socks4
197.51.78.140:8080,HTTP
41.139.191.1:8080,HTTP/HTTPS
118.91.163.142:80,HTTP
221.7.255.168:8080,HTTP/HTTPS
109.121.163.56:53281,HTTP
183.4.29.250:8118,HTTP
209.126.102.151:9080,HTTP/HTTPS
103.225.172.21:53281,HTTP
39.137.83.133:80,HTTP
186.193.26.106:3128,HTTP
119.27.177.169:80,HTTP/HTTPS
188.166.83.6:8080,HTTP
212.113.253.0:8081,HTTP
119.29.23.99:8088,HTTP
113.65.20.235:9999,HTTP
117.23.232.255:808,HTTP
82.148.172.166:8080,HTTPS
45.55.27.17:8080,HTTP
114.4.39.54:8080,HTTP/HTTPS
36.67.116.147:8080,HTTP/HTTPS
203.150.133.63:8080,HTTPS
177.67.83.134:80,HTTP
77.93.60.100:8123,HTTP
39.137.83.133:80,HTTP
138.68.41.90:8080,HTTP
153.3.235.82:80,HTTP
151.106.13.232:1080,HTTP/HTTPS
121.129.127.209:80,HTTP/HTTPS
103.204.220.9:8080,HTTP
83.69.74.54:3128,HTTP/HTTPS
91.217.42.4:8080,HTTP
189.43.44.10:8080,HTTP
221.214.224.150:8888,HTTP
119.27.177.169:80,HTTP/HTTPS
203.130.231.178:80,HTTP
138.201.97.158:1080,HTTP/HTTPS
103.5.63.118:8080,HTTP
223.255.191.109:3128,HTTP
188.166.83.6:8080,HTTP
163.47.145.30:8080,HTTP
187.12.114.226:8080,HTTP
212.113.253.0:8081,HTTP
119.29.23.99:8088,HTTP
113.65.20.235:9999,HTTP
36.67.24.255:45619,HTTP
82.148.172.166:8080,HTTPS
45.55.27.17:8080,HTTP
114.4.39.54:8080,HTTP/HTTPS
36.67.116.147:8080,HTTP/HTTPS
203.150.133.63:8080,HTTPS
180.149.131.67:80,HTTP
77.55.228.125:80,HTTP/HTTPS
124.160.241.226:8118,HTTP
91.217.42.4:8080,HTTP
189.43.44.10:8080,HTTP
221.214.224.150:8888,HTTP
119.27.177.169:80,HTTP/HTTPS
203.130.231.178:80,HTTP
138.201.97.158:1080,HTTP/HTTPS
103.42.162.58:8080,HTTPS
103.5.63.118:8080,HTTP
182.253.201.76:10000,HTTP/HTTPS
223.255.191.109:3128,HTTP
188.166.83.6:8080,HTTP
163.47.145.30:8080,HTTP
187.12.114.226:8080,HTTP
212.113.253.0:8081,HTTP
119.29.23.99:8088,HTTP
113.65.20.235:9999,HTTP
36.67.24.255:45619,HTTP
180.149.131.67:80,HTTP
77.55.228.125:80,HTTP/HTTPS
124.160.241.226:8118,HTTP
91.217.42.4:8080,HTTP
189.43.44.10:8080,HTTP
221.214.224.150:8888,HTTP
85.93.26.190:3128,HTTP
212.56.203.74:8080,HTTP
119.27.177.169:80,HTTP/HTTPS
203.130.231.178:80,HTTP
31.145.190.98:8080,HTTP
138.201.97.158:1080,HTTP/HTTPS
103.42.162.58:8080,HTTPS
103.5.63.118:8080,HTTP
182.253.201.76:10000,HTTP/HTTPS
223.255.191.109:3128,HTTP
188.166.83.6:8080,HTTP
163.47.145.30:8080,HTTP
187.12.114.226:8080,HTTP
212.113.253.0:8081,HTTP
139.199.49.13:80,HTTP
180.157.225.84:8088,HTTP
180.149.131.67:80,HTTP
77.55.228.125:80,HTTP/HTTPS
124.160.241.226:8118,HTTP
91.217.42.4:8080,HTTP
51.15.86.160:80,HTTPS
189.43.44.10:8080,HTTP
77.93.60.100:8123,HTTPS
160.202.42.58:8080,HTTP
82.148.172.161:8080,HTTPS
221.214.224.150:8888,HTTP
85.93.26.190:3128,HTTP
212.56.203.74:8080,HTTP
119.27.177.169:80,HTTP/HTTPS
203.130.231.178:80,HTTP
31.145.190.98:8080,HTTP
138.201.97.158:1080,HTTP/HTTPS
103.42.162.58:8080,HTTPS
103.5.63.118:8080,HTTP
60.23.46.24:80,HTTP
115.29.161.103:1080,Socks4
212.113.253.0:8081,HTTP
62.133.172.49:53281,HTTP/HTTPS
183.48.90.108:8118,HTTP
220.181.163.231:80,HTTP
188.166.83.17:3128,HTTP
138.204.101.10:8080,HTTP/HTTPS
103.78.213.147:80,HTTP
181.115.241.90:8080,HTTP/HTTPS
138.118.48.93:8080,HTTP
103.217.179.137:8080,HTTPS
128.201.186.189:52335,HTTP/HTTPS
189.43.44.10:8080,HTTP/HTTPS
186.4.192.202:8080,HTTP/HTTPS
60.194.11.179:3128,HTTP
203.130.231.178:80,HTTP/HTTPS
114.55.25.17:80,HTTP
177.11.136.138:1080,Socks4
123.125.142.40:80,HTTP
45.55.27.173:1080,Socks5
116.211.123.138:80,HTTP
212.113.253.0:8081,HTTP
60.23.46.24:80,HTTP
115.29.161.103:1080,Socks4
62.133.172.49:53281,HTTP/HTTPS
183.48.90.108:8118,HTTP
220.181.163.231:80,HTTP
96.9.77.135:8080,HTTP/HTTPS
217.61.121.110:3128,HTTP/HTTPS
181.115.241.90:8080,HTTP/HTTPS
116.48.136.128:8080,HTTP
188.166.83.17:3128,HTTP
138.204.101.10:8080,HTTP/HTTPS
103.78.213.147:80,HTTP
138.118.48.93:8080,HTTP
103.217.179.137:8080,HTTPS
128.201.186.189:52335,HTTP/HTTPS
189.43.44.10:8080,HTTP/HTTPS
186.4.192.202:8080,HTTP/HTTPS
202.113.76.200:1080,Socks5
180.97.104.14:80,HTTP
45.55.27.173:1080,Socks5
116.211.123.138:80,HTTP
188.166.83.34:3128,HTTP
212.113.253.0:8081,HTTP
60.23.46.24:80,HTTP
115.29.161.103:1080,Socks4
62.133.172.49:53281,HTTP/HTTPS
131.0.62.195:8080,HTTPS
52.69.20.245:8080,HTTP
46.4.227.209:1080,HTTP/HTTPS
183.48.90.108:8118,HTTP
171.35.103.37:808,HTTPS
220.181.163.231:80,HTTP
96.9.77.135:8080,HTTP/HTTPS
217.61.121.110:3128,HTTP/HTTPS
181.115.241.90:8080,HTTP/HTTPS
116.48.136.128:8080,HTTP
188.166.83.17:3128,HTTP
202.113.76.200:1080,Socks5
180.97.104.14:80,HTTP
45.55.27.173:1080,Socks5
116.211.123.138:80,HTTP
188.166.83.34:3128,HTTP
212.113.253.0:8081,HTTP
60.23.46.24:80,HTTP
115.29.161.103:1080,Socks4
47.91.230.202:3128,HTTP/HTTPS
110.172.173.2:8080,HTTP/HTTPS
62.133.172.49:53281,HTTP/HTTPS
187.28.39.152:8080,HTTP/HTTPS
131.0.62.195:8080,HTTPS
52.69.20.245:8080,HTTP
46.4.227.209:1080,HTTP/HTTPS
183.48.90.108:8118,HTTP
171.35.103.37:808,HTTPS
220.181.163.231:80,HTTP
96.9.77.135:8080,HTTP/HTTPS
217.61.121.110:3128,HTTP/HTTPS
202.113.76.200:1080,Socks5
180.97.104.14:80,HTTP
45.55.27.173:1080,Socks5
116.211.123.138:80,HTTP
62.210.209.135:808,HTTP/HTTPS
188.166.83.34:3128,HTTP
134.213.208.187:2016,HTTP
180.210.201.54:3128,HTTP
212.113.253.0:8081,HTTP
60.23.46.24:80,HTTP
115.29.161.103:1080,Socks4
197.37.22.221:8080,HTTP
47.91.230.202:3128,HTTP/HTTPS
110.172.173.2:8080,HTTP/HTTPS
62.133.172.49:53281,HTTP/HTTPS
187.28.39.152:8080,HTTP/HTTPS
131.0.62.195:8080,HTTPS
52.69.20.245:8080,HTTP
46.4.227.209:1080,HTTP/HTTPS
183.48.90.108:8118,HTTP
119.27.177.169:80,HTTP/HTTPS
67.205.174.209:3128,HTTP
39.137.83.132:80,HTTP
106.51.166.79:8080,HTTP/HTTPS
197.51.78.140:8080,HTTP
188.166.83.17:3128,HTTP
195.175.15.50:65301,HTTP/HTTPS
47.88.226.56:80,HTTP
181.168.150.78:8080,HTTP
217.107.71.14:8080,HTTP/HTTPS
180.250.174.251:8080,HTTP
211.147.67.150:80,HTTP
85.15.179.5:8080,HTTPS
118.137.26.81:8080,HTTPS
67.205.146.29:3128,HTTP
89.30.96.166:3128,HTTP/HTTPS
120.24.230.217:8088,HTTP
103.248.248.77:3128,HTTP/HTTPS
202.138.243.9:8080,HTTP/HTTPS
188.209.128.1:8080,HTTPS
96.9.87.2:8080,HTTP
119.27.177.169:80,HTTP/HTTPS
67.205.174.209:3128,HTTP
39.137.83.132:80,HTTP
106.51.166.79:8080,HTTP/HTTPS
197.51.78.140:8080,HTTP
188.166.83.17:3128,HTTP
195.177.208.1:8080,HTTPS
103.88.140.82:8080,HTTPS
82.209.219.244:41239,HTTP/HTTPS
195.175.15.50:65301,HTTPS
123.206.91.245:3128,HTTP/HTTPS
121.199.42.198:3129,HTTP/HTTPS
47.88.226.56:80,HTTP
181.168.150.78:8080,HTTP
186.226.178.32:53281,HTTPS
217.107.71.14:8080,HTTP/HTTPS
180.250.174.251:8080,HTTP
211.147.67.150:80,HTTP
85.15.179.5:8080,HTTPS
120.234.15.130:1080,Socks4
183.88.217.201:8080,HTTP
207.154.231.210:8080,HTTP
96.9.87.2:8080,HTTP
119.27.177.169:80,HTTP/HTTPS
67.205.174.209:3128,HTTP
39.137.83.132:80,HTTP
106.51.166.79:8080,HTTP/HTTPS
197.51.78.140:8080,HTTP
202.73.51.102:80,HTTP
188.166.83.17:3128,HTTP
190.141.165.38:3128,HTTP
195.177.208.1:8080,HTTPS
103.88.140.82:8080,HTTPS
82.209.219.244:41239,HTTP/HTTPS
195.175.15.50:65301,HTTPS
123.206.91.245:3128,HTTP/HTTPS
121.199.42.198:3129,HTTP/HTTPS
47.88.226.56:80,HTTP
181.168.150.78:8080,HTTP
119.27.177.169:80,HTTP/HTTPS
120.234.15.130:1080,Socks4
183.88.217.201:8080,HTTP
207.154.231.210:8080,HTTP
96.9.87.2:8080,HTTP
67.205.174.209:3128,HTTP
190.2.131.199:1080,HTTP/HTTPS
200.48.129.124:8080,HTTP/HTTPS
39.137.83.132:80,HTTP
106.51.166.79:8080,HTTP/HTTPS
195.34.194.49:8888,HTTP/HTTPS
189.213.65.108:3128,HTTP
197.51.78.140:8080,HTTP
202.73.51.102:80,HTTP
188.166.83.17:3128,HTTP
190.141.165.38:3128,HTTP
195.177.208.1:8080,HTTPS
103.88.140.82:8080,HTTPS
82.209.219.244:41239,HTTP/HTTPS
195.175.15.50:65301,HTTPS
119.27.177.169:80,HTTP/HTTPS
120.234.15.130:1080,Socks4
183.88.217.201:8080,HTTP
207.154.231.210:8080,HTTP
96.9.87.2:8080,HTTP
178.22.248.124:53281,HTTP
67.205.174.209:3128,HTTP
212.91.188.166:3128,HTTPS
71.13.112.152:3128,HTTP/HTTPS
190.2.131.199:1080,HTTP/HTTPS
200.48.129.124:8080,HTTP/HTTPS
39.137.83.132:80,HTTP
106.51.166.79:8080,HTTP/HTTPS
195.34.194.49:8888,HTTP/HTTPS
189.213.65.108:3128,HTTP
197.51.78.140:8080,HTTP
202.73.51.102:80,HTTP
188.166.83.17:3128,HTTP
190.141.165.38:3128,HTTP
195.177.208.1:8080,HTTPS
123.59.100.243:1080,Socks4
112.80.255.21:80,HTTP
118.113.164.221:8888,HTTP
123.156.103.46:8080,HTTP
200.229.234.70:3128,HTTPS
103.78.80.19:8080,HTTP
136.243.202.235:1080,HTTP/HTTPS
189.89.149.118:3128,HTTP/HTTPS
1.179.183.89:8080,HTTP/HTTPS
159.203.161.211:8080,HTTP
192.158.236.58:3128,HTTP/HTTPS
174.64.234.29:17501,Socks4/Socks5
103.58.117.60:8080,HTTP
189.201.242.217:8080,HTTP
194.28.50.32:3128,HTTP/HTTPS
193.188.254.67:53281,HTTP/HTTPS
119.27.177.169:80,HTTP/HTTPS
207.154.231.210:8080,HTTP
182.23.31.131:8080,HTTP
103.239.252.41:8080,HTTPS
123.59.100.243:1080,Socks4
112.80.255.21:80,HTTP
118.113.164.221:8888,HTTP
123.156.103.46:8080,HTTP
200.229.234.70:3128,HTTPS
103.78.80.19:8080,HTTP
136.243.202.235:1080,HTTP/HTTPS
189.89.149.118:3128,HTTP/HTTPS
1.179.183.89:8080,HTTP/HTTPS
159.203.161.211:8080,HTTP
192.158.236.58:3128,HTTP/HTTPS
174.64.234.29:17501,Socks4/Socks5
103.58.117.60:8080,HTTP
189.201.242.217:8080,HTTP
194.28.50.32:3128,HTTP/HTTPS
193.188.254.67:53281,HTTP/HTTPS
119.27.177.169:80,HTTP/HTTPS
207.154.231.210:8080,HTTP
182.23.31.131:8080,HTTP
103.239.252.41:8080,HTTPS
123.59.100.243:1080,Socks4
202.77.127.98:3128,HTTP/HTTPS
112.80.255.21:80,HTTP
203.190.14.54:8080,HTTP/HTTPS
134.213.148.8:3129,HTTP
203.99.118.10:80,HTTP
118.113.164.221:8888,HTTP
91.102.218.5:3128,HTTPS
123.156.103.46:8080,HTTP
200.229.234.70:3128,HTTPS
103.78.80.19:8080,HTTP
136.243.202.235:1080,HTTP/HTTPS
189.89.149.118:3128,HTTP/HTTPS
1.179.183.89:8080,HTTP/HTTPS
159.203.161.211:8080,HTTP
192.158.236.58:3128,HTTP/HTTPS
174.64.234.29:17501,Socks4/Socks5
103.58.117.60:8080,HTTP
189.201.242.217:8080,HTTP
194.28.50.32:3128,HTTP/HTTPS
185.85.21.6:53281,HTTP
58.83.218.186:80,HTTPS
123.59.100.243:1080,Socks4
91.221.242.1:8080,HTTP/HTTPS
190.237.94.83:8080,HTTP
202.77.127.98:3128,HTTP/HTTPS
112.80.255.21:80,HTTP
203.190.14.54:8080,HTTP/HTTPS
134.213.148.8:3129,HTTP
203.99.118.10:80,HTTP
118.113.164.221:8888,HTTP
91.102.218.5:3128,HTTPS
123.156.103.46:8080,HTTP
200.229.234.70:3128,HTTPS
103.78.80.19:8080,HTTP
136.243.202.235:1080,HTTP/HTTPS
189.89.149.118:3128,HTTP/HTTPS
1.179.183.89:8080,HTTP/HTTPS
159.203.161.211:8080,HTTP
192.158.236.58:3128,HTTP/HTTPS
180.97.104.14:80,HTTP
138.219.223.166:3128,HTTP/HTTPS
96.9.87.2:8080,HTTPS
42.62.176.6:8081,HTTP/HTTPS
173.249.15.109:3128,HTTP
185.85.21.6:53281,HTTP
58.83.218.186:80,HTTPS
123.59.100.243:1080,Socks4
91.221.242.1:8080,HTTP/HTTPS
190.237.94.83:8080,HTTP
202.77.127.98:3128,HTTP/HTTPS
112.80.255.21:80,HTTP
203.190.14.54:8080,HTTP/HTTPS
134.213.148.8:3129,HTTP
203.99.118.10:80,HTTP
118.113.164.221:8888,HTTP
91.102.218.5:3128,HTTPS
123.156.103.46:8080,HTTP
200.229.234.70:3128,HTTPS
103.78.80.19:8080,HTTP
111.2.122.46:8080,HTTP
93.159.247.218:8081,HTTP
110.50.85.159:8080,HTTP
67.205.146.77:3128,HTTP
77.89.249.202:8080,HTTP
185.85.21.6:53281,HTTP/HTTPS
36.75.248.41:3128,HTTP/HTTPS
182.253.34.232:45619,HTTP/HTTPS
64.34.21.84:80,HTTPS
46.219.116.2:8081,HTTP/HTTPS
150.107.205.114:8080,HTTP
91.102.218.5:3128,HTTPS
91.102.216.21:3128,HTTPS
218.202.219.82:80,HTTP
193.188.254.67:53281,HTTP/HTTPS
116.211.123.138:80,HTTP
207.154.231.212:3128,HTTP
139.224.80.139:3128,HTTP/HTTPS
150.107.152.197:3128,HTTP
134.119.223.242:8090,HTTP
54.79.47.128:3128,HTTP
111.2.122.46:8080,HTTP
93.159.247.218:8081,HTTP
89.144.28.189:3128,HTTP
110.50.85.159:8080,HTTP
67.205.146.77:3128,HTTP
77.89.249.202:8080,HTTP
103.75.27.94:8080,HTTP/HTTPS
185.85.21.6:53281,HTTP/HTTPS
36.75.248.41:3128,HTTP/HTTPS
182.253.34.232:45619,HTTP/HTTPS
64.34.21.84:80,HTTPS
46.219.116.2:8081,HTTP/HTTPS
150.107.205.114:8080,HTTP
91.102.218.5:3128,HTTPS
91.102.216.21:3128,HTTPS
218.202.219.82:80,HTTP
193.188.254.67:53281,HTTP/HTTPS
116.211.123.138:80,HTTP
207.154.231.212:3128,HTTP
127.73.235.18:80,HTTP
54.79.47.128:3128,HTTP
111.2.122.46:8080,HTTP
93.159.247.218:8081,HTTP
212.225.233.154:8080,HTTPS
94.75.70.66:8080,HTTP
185.26.52.133:80,HTTP/HTTPS
178.132.3.172:1080,HTTP/HTTPS
190.217.4.102:45619,HTTP
89.144.28.189:3128,HTTP
110.50.85.159:8080,HTTP
67.205.146.77:3128,HTTP
77.89.249.202:8080,HTTP
103.75.27.94:8080,HTTP/HTTPS
185.85.21.6:53281,HTTP/HTTPS
36.75.248.41:3128,HTTP/HTTPS
182.253.34.232:45619,HTTP/HTTPS
64.34.21.84:80,HTTPS
46.219.116.2:8081,HTTP/HTTPS
150.107.205.114:8080,HTTP
138.68.198.203:3128,HTTP
127.73.235.18:80,HTTP
54.79.47.128:3128,HTTP
181.113.117.142:53281,HTTP
111.2.122.46:8080,HTTP
186.47.72.198:65103,HTTPS
93.159.247.218:8081,HTTP
212.225.233.154:8080,HTTPS
94.75.70.66:8080,HTTP
185.26.52.133:80,HTTP/HTTPS
178.132.3.172:1080,HTTP/HTTPS
190.217.4.102:45619,HTTP
89.144.28.189:3128,HTTP
110.50.85.159:8080,HTTP
67.205.146.77:3128,HTTP
77.89.249.202:8080,HTTP
103.75.27.94:8080,HTTP/HTTPS
185.85.21.6:53281,HTTP/HTTPS
36.75.248.41:3128,HTTP/HTTPS
182.253.34.232:45619,HTTP/HTTPS
202.100.83.139:80,HTTP
212.90.167.90:33555,Socks4
212.92.204.54:80,HTTP/HTTPS
123.161.154.206:46139,HTTP/HTTPS
113.92.94.248:9797,HTTP/HTTPS
191.209.31.200:3128,HTTPS
62.210.251.74:3128,HTTP/HTTPS
75.139.130.139:80,HTTP
111.197.154.108:8118,HTTP
103.14.235.26:8080,HTTP/HTTPS
61.6.157.3:53281,HTTP
182.253.139.24:3128,HTTP/HTTPS
109.105.51.18:53281,HTTP/HTTPS
213.136.105.62:3128,HTTP/HTTPS
203.112.76.74:8080,HTTP/HTTPS
200.48.129.124:8080,HTTP/HTTPS
200.229.234.70:3128,HTTP
138.68.198.203:3128,HTTP
45.77.131.135:8118,HTTPS
78.111.92.59:8080,HTTP
124.133.78.3:8118,HTTP
202.100.83.139:80,HTTP
212.90.167.90:33555,Socks4
212.92.204.54:80,HTTP/HTTPS
123.161.154.206:46139,HTTP/HTTPS
113.92.94.248:9797,HTTP/HTTPS
191.209.31.200:3128,HTTPS
62.210.251.74:3128,HTTP/HTTPS
75.139.130.139:80,HTTP
111.197.154.108:8118,HTTP
103.14.235.26:8080,HTTP/HTTPS
61.6.157.3:53281,HTTP
182.253.139.24:3128,HTTP/HTTPS
109.105.51.18:53281,HTTP/HTTPS
213.136.105.62:3128,HTTP/HTTPS
203.112.76.74:8080,HTTP/HTTPS
200.48.129.124:8080,HTTP/HTTPS
200.229.234.70:3128,HTTP
138.68.198.203:3128,HTTP
45.77.131.135:8118,HTTPS
124.133.78.3:8118,HTTP
208.72.149.241:8080,HTTPS
202.100.83.139:80,HTTP
182.253.132.7:8080,HTTP/HTTPS
179.189.248.174:8080,HTTP/HTTPS
178.239.168.57:8080,HTTP/HTTPS
212.90.167.90:33555,Socks4
212.92.204.54:80,HTTP/HTTPS
123.161.154.206:46139,HTTP/HTTPS
113.92.94.248:9797,HTTP/HTTPS
191.209.31.200:3128,HTTPS
62.210.251.74:3128,HTTP/HTTPS
75.139.130.139:80,HTTP
111.197.154.108:8118,HTTP
103.14.235.26:8080,HTTP/HTTPS
61.6.157.3:53281,HTTP
182.253.139.24:3128,HTTP/HTTPS
109.105.51.18:53281,HTTP/HTTPS
213.136.105.62:3128,HTTP/HTTPS
203.112.76.74:8080,HTTP/HTTPS
124.133.78.3:8118,HTTP
208.72.149.241:8080,HTTPS
173.12.250.100:3128,HTTPS
202.100.83.139:80,HTTP
182.253.132.7:8080,HTTP/HTTPS
179.189.248.174:8080,HTTP/HTTPS
178.239.168.57:8080,HTTP/HTTPS
212.90.167.90:33555,Socks4
212.92.204.54:80,HTTP/HTTPS
123.161.154.206:46139,HTTP/HTTPS
113.92.94.248:9797,HTTP/HTTPS
191.209.31.200:3128,HTTPS
62.210.251.74:3128,HTTP/HTTPS
75.139.130.139:80,HTTP
111.197.154.108:8118,HTTP
103.14.235.26:8080,HTTP/HTTPS
61.6.157.3:53281,HTTP
182.253.139.24:3128,HTTP/HTTPS
109.105.51.18:53281,HTTP/HTTPS
213.136.105.62:3128,HTTP/HTTPS
45.123.100.209:80,HTTP
117.92.145.127:45301,HTTP/HTTPS
124.133.78.3:8118,HTTP
208.72.149.241:8080,HTTPS
160.226.216.138:8080,HTTP
2.186.116.143:8080,HTTPS
202.153.233.228:8080,HTTP
173.12.250.100:3128,HTTPS
202.100.83.139:80,HTTP
182.253.132.7:8080,HTTP/HTTPS
179.189.248.174:8080,HTTP/HTTPS
178.239.168.57:8080,HTTP/HTTPS
212.90.167.90:33555,Socks4
212.92.204.54:80,HTTP/HTTPS
123.161.154.206:46139,HTTP/HTTPS
113.92.94.248:9797,HTTP/HTTPS
191.209.31.200:3128,HTTPS
62.210.251.74:3128,HTTP/HTTPS
75.139.130.139:80,HTTP
111.197.154.108:8118,HTTP
202.100.83.139:80,HTTP
149.202.38.124:32321,Socks4
202.137.15.93:8080,HTTPS
118.178.227.171:80,HTTP/HTTPS
116.30.120.204:9000,HTTP/HTTPS
68.12.85.198:808,HTTP
111.2.122.46:8080,HTTP
110.82.102.56:45006,HTTP/HTTPS
109.105.51.18:53281,HTTPS
109.236.111.45:53281,HTTP
103.56.30.128:8080,HTTP/HTTPS
208.72.149.241:8080,HTTPS
191.209.31.200:3128,HTTPS
200.124.229.165:3128,HTTP
27.46.74.29:9999,HTTP
190.131.223.210:3128,HTTP
110.50.85.159:8080,HTTPS
138.197.157.44:8080,HTTP
207.154.231.212:3128,HTTP
27.46.74.5:9999,HTTP
202.100.83.139:80,HTTP
149.202.38.124:32321,Socks4
45.76.156.198:3128,HTTP/HTTPS
177.69.237.53:3128,HTTP
91.221.242.1:8080,HTTP/HTTPS
217.73.131.220:8080,HTTP/HTTPS
194.190.30.251:8080,HTTP
202.137.15.93:8080,HTTPS
118.178.227.171:80,HTTP/HTTPS
116.30.120.204:9000,HTTP/HTTPS
68.12.85.198:808,HTTP
111.2.122.46:8080,HTTP
110.82.102.56:45006,HTTP/HTTPS
109.105.51.18:53281,HTTPS
109.236.111.45:53281,HTTP
103.56.30.128:8080,HTTP/HTTPS
208.72.149.241:8080,HTTPS
191.209.31.200:3128,HTTPS
200.124.229.165:3128,HTTP
27.46.74.29:9999,HTTP
54.79.47.128:3128,HTTP
202.100.83.139:80,HTTP
149.202.38.124:32321,Socks4
45.76.156.198:3128,HTTP/HTTPS
177.69.237.53:3128,HTTP
91.221.242.1:8080,HTTP/HTTPS
217.73.131.220:8080,HTTP/HTTPS
194.190.30.251:8080,HTTP
202.137.15.93:8080,HTTPS
118.178.227.171:80,HTTP/HTTPS
116.30.120.204:9000,HTTP/HTTPS
68.12.85.198:808,HTTP
111.2.122.46:8080,HTTP
110.82.102.56:45006,HTTP/HTTPS
109.105.51.18:53281,HTTPS
109.236.111.45:53281,HTTP
103.56.30.128:8080,HTTP/HTTPS
208.72.149.241:8080,HTTPS
191.209.31.200:3128,HTTPS
200.124.229.165:3128,HTTP
209.126.102.151:8355,HTTP/HTTPS
54.79.47.128:3128,HTTP
36.67.66.117:53281,HTTP
187.114.214.1:8080,HTTPS
125.167.219.195:8080,HTTPS
202.100.83.139:80,HTTP
85.234.126.107:55555,HTTPS
149.202.38.124:32321,Socks4
45.76.156.198:3128,HTTP/HTTPS
177.69.237.53:3128,HTTP
91.221.242.1:8080,HTTP/HTTPS
217.73.131.220:8080,HTTP/HTTPS
194.190.30.251:8080,HTTP
202.137.15.93:8080,HTTPS
118.178.227.171:80,HTTP/HTTPS
116.30.120.204:9000,HTTP/HTTPS
68.12.85.198:808,HTTP
111.2.122.46:8080,HTTP
110.82.102.56:45006,HTTP/HTTPS
109.105.51.18:53281,HTTPS
209.126.102.151:8355,HTTP/HTTPS
54.79.47.128:3128,HTTP
117.95.200.86:24129,HTTP/HTTPS
92.42.109.43:1080,HTTP
89.22.132.57:8080,HTTP/HTTPS
36.67.66.117:53281,HTTP
187.114.214.1:8080,HTTPS
125.167.219.195:8080,HTTPS
202.100.83.139:80,HTTP
85.234.126.107:55555,HTTPS
149.202.38.124:32321,Socks4
45.76.156.198:3128,HTTP/HTTPS
177.69.237.53:3128,HTTP
91.221.242.1:8080,HTTP/HTTPS
217.73.131.220:8080,HTTP/HTTPS
194.190.30.251:8080,HTTP
202.137.15.93:8080,HTTPS
118.178.227.171:80,HTTP/HTTPS
116.30.120.204:9000,HTTP/HTTPS
68.12.85.198:808,HTTP
209.126.102.151:9121,HTTP/HTTPS
60.186.13.237:808,HTTP/HTTPS
186.195.37.42:8080,HTTP/HTTPS
103.75.27.94:8080,HTTP/HTTPS
101.255.17.142:1080,Socks4
112.93.236.224:9797,HTTP/HTTPS
51.255.141.15:80,HTTP
70.169.157.140:48678,HTTP/HTTPS
193.227.49.83:8080,HTTP
74.116.59.8:53281,HTTP/HTTPS
58.60.255.127:8118,HTTP/HTTPS
122.52.49.179:53281,HTTP/HTTPS
45.76.156.198:3128,HTTP/HTTPS
114.240.150.29:1080,Socks5
117.93.77.229:808,HTTP
188.166.201.181:3128,HTTP
200.119.239.250:3128,HTTP/HTTPS
189.20.32.90:1080,Socks4
95.174.102.131:53281,HTTP/HTTPS
186.121.206.234:1080,Socks4
209.126.102.151:9121,HTTP/HTTPS
60.186.13.237:808,HTTP/HTTPS
60.190.96.190:808,HTTPS
195.69.218.161:8080,HTTP
182.253.178.31:8080,HTTP
186.195.37.42:8080,HTTP/HTTPS
103.75.27.94:8080,HTTP/HTTPS
202.137.15.93:8080,HTTP
101.255.17.142:1080,Socks4
202.108.2.42:80,HTTP/HTTPS
112.93.236.224:9797,HTTP/HTTPS
51.255.141.15:80,HTTP
70.169.157.140:48678,HTTP/HTTPS
193.227.49.83:8080,HTTP
74.116.59.8:53281,HTTP/HTTPS
58.60.255.127:8118,HTTP/HTTPS
122.52.49.179:53281,HTTP/HTTPS
45.76.156.198:3128,HTTP/HTTPS
114.240.150.29:1080,Socks5
117.93.77.229:808,HTTP
209.126.102.151:9121,HTTP/HTTPS
60.186.13.237:808,HTTP/HTTPS
60.205.214.253:3128,HTTP
5.28.199.162:8080,HTTP/HTTPS
60.190.96.190:808,HTTPS
195.69.218.161:8080,HTTP
182.253.178.31:8080,HTTP
186.195.37.42:8080,HTTP/HTTPS
103.75.27.94:8080,HTTP/HTTPS
202.137.15.93:8080,HTTP
101.255.17.142:1080,Socks4
202.108.2.42:80,HTTP/HTTPS
112.93.236.224:9797,HTTP/HTTPS
51.255.141.15:80,HTTP
70.169.157.140:48678,HTTP/HTTPS
193.227.49.83:8080,HTTP
74.116.59.8:53281,HTTP/HTTPS
58.60.255.127:8118,HTTP/HTTPS
122.52.49.179:53281,HTTP/HTTPS
45.76.156.198:3128,HTTP/HTTPS
190.186.58.252:53281,HTTP
212.48.85.164:80,HTTP/HTTPS
209.126.102.151:9121,HTTP/HTTPS
60.186.13.237:808,HTTP/HTTPS
60.205.214.253:3128,HTTP
5.28.199.162:8080,HTTP/HTTPS
60.190.96.190:808,HTTPS
195.69.218.161:8080,HTTP
182.253.178.31:8080,HTTP
186.195.37.42:8080,HTTP/HTTPS
103.75.27.94:8080,HTTP/HTTPS
202.137.15.93:8080,HTTP
101.255.17.142:1080,Socks4
202.108.2.42:80,HTTP/HTTPS
112.93.236.224:9797,HTTP/HTTPS
51.255.141.15:80,HTTP
70.169.157.140:48678,HTTP/HTTPS
193.227.49.83:8080,HTTP
74.116.59.8:53281,HTTP/HTTPS
58.60.255.127:8118,HTTP/HTTPS
42.115.88.220:53281,HTTP/HTTPS
83.56.227.185:3128,HTTP/HTTPS
134.35.100.149:8080,HTTP
92.42.107.230:1080,HTTP
77.221.201.18:53281,HTTP/HTTPS
190.186.58.252:53281,HTTP
212.48.85.164:80,HTTP/HTTPS
209.126.102.151:9121,HTTP/HTTPS
60.186.13.237:808,HTTP/HTTPS
60.205.214.253:3128,HTTP
5.28.199.162:8080,HTTP/HTTPS
60.190.96.190:808,HTTPS
195.69.218.161:8080,HTTP
182.253.178.31:8080,HTTP
186.195.37.42:8080,HTTP/HTTPS
103.75.27.94:8080,HTTP/HTTPS
202.137.15.93:8080,HTTP
101.255.17.142:1080,Socks4
202.108.2.42:80,HTTP/HTTPS
112.93.236.224:9797,HTTP/HTTPS
114.93.120.193:1080,Socks5
61.38.236.98:808,HTTP/HTTPS
122.226.168.180:3128,HTTP
113.252.159.5:8197,HTTP
190.120.123.4:1080,Socks4
138.197.145.77:3128,HTTP
137.74.254.242:3128,HTTP
52.87.106.125:3128,HTTP
74.116.59.8:53281,HTTP
103.234.254.161:80,HTTPS
180.211.94.170:8080,HTTP
86.63.211.85:3128,HTTP/HTTPS
36.66.218.153:1080,Socks4
111.125.87.199:53281,HTTP/HTTPS
178.239.168.57:8080,HTTPS
179.127.175.211:1080,Socks4
50.203.117.22:80,HTTP/HTTPS
104.236.224.34:3128,HTTP/HTTPS
201.219.55.85:8081,HTTP
150.107.143.17:9797,HTTPS
114.93.120.193:1080,Socks5
61.38.236.98:808,HTTP/HTTPS
122.226.168.180:3128,HTTP
113.252.159.5:8197,HTTP
190.120.123.4:1080,Socks4
138.197.145.77:3128,HTTP
94.251.6.193:81,HTTPS
137.74.254.242:3128,HTTP
52.87.106.125:3128,HTTP
74.116.59.8:53281,HTTP
103.234.254.161:80,HTTPS
180.211.94.170:8080,HTTP
86.63.211.85:3128,HTTP/HTTPS
36.66.218.153:1080,Socks4
111.125.87.199:53281,HTTP/HTTPS
178.239.168.57:8080,HTTPS
179.127.175.211:1080,Socks4
50.203.117.22:80,HTTP/HTTPS
104.236.224.34:3128,HTTP/HTTPS
201.219.55.85:8081,HTTP
188.166.216.210:8080,HTTP
114.93.120.193:1080,Socks5
61.38.236.98:808,HTTP/HTTPS
122.226.168.180:3128,HTTP
189.2.103.146:8080,HTTPS
139.217.24.50:3128,HTTP/HTTPS
92.42.109.35:1080,HTTP
113.252.159.5:8197,HTTP
190.120.123.4:1080,Socks4
138.197.145.77:3128,HTTP
94.251.6.193:81,HTTPS
137.74.254.242:3128,HTTP
52.87.106.125:3128,HTTP
74.116.59.8:53281,HTTP
103.234.254.161:80,HTTPS
180.211.94.170:8080,HTTP
86.63.211.85:3128,HTTP/HTTPS
36.66.218.153:1080,Socks4
111.125.87.199:53281,HTTP/HTTPS
178.239.168.57:8080,HTTPS
131.0.62.1:33325,Socks4
116.62.11.138:3128,HTTP/HTTPS
188.166.216.210:8080,HTTP
103.245.19.30:63909,HTTP
114.93.120.193:1080,Socks5
61.38.236.98:808,HTTP/HTTPS
163.125.64.248:9999,HTTP/HTTPS
46.20.89.218:8080,HTTP
223.243.201.192:45619,HTTP
220.163.79.158:9999,HTTP/HTTPS
178.215.111.70:9999,HTTP
122.226.168.180:3128,HTTP
189.2.103.146:8080,HTTPS
139.217.24.50:3128,HTTP/HTTPS
92.42.109.35:1080,HTTP
113.252.159.5:8197,HTTP
190.120.123.4:1080,Socks4
138.197.145.77:3128,HTTP
94.251.6.193:81,HTTPS
137.74.254.242:3128,HTTP
110.173.183.55:80,HTTP
131.0.62.1:33325,Socks4
116.62.11.138:3128,HTTP/HTTPS
195.222.182.85:8081,HTTP
180.250.252.3:8080,HTTP
188.166.216.210:8080,HTTP
1.179.183.89:8080,HTTPS
103.245.19.30:63909,HTTP
114.93.120.193:1080,Socks5
122.52.49.179:53281,HTTP/HTTPS
61.38.236.98:808,HTTP/HTTPS
163.125.64.248:9999,HTTP/HTTPS
46.20.89.218:8080,HTTP
223.243.201.192:45619,HTTP
220.163.79.158:9999,HTTP/HTTPS
178.215.111.70:9999,HTTP
122.226.168.180:3128,HTTP
189.2.103.146:8080,HTTPS
139.217.24.50:3128,HTTP/HTTPS
92.42.109.35:1080,HTTP
112.80.255.32:80,HTTP
79.104.19.202:31618,Socks4
36.66.218.153:1080,Socks4
190.214.14.38:1080,Socks4
179.127.175.211:1080,Socks4
131.0.62.1:33325,Socks4
193.70.3.144:80,HTTP
193.227.49.83:8080,HTTP
213.168.210.76:80,HTTP/HTTPS
82.107.202.30:8080,HTTP
128.199.189.94:8080,HTTP/HTTPS
39.108.67.33:80,HTTP
217.75.204.6:8080,HTTP
162.223.88.243:80,HTTP
180.122.147.87:40586,HTTP/HTTPS
200.233.159.9:8090,HTTP/HTTPS
217.219.246.191:8080,HTTP
194.44.246.82:8080,HTTP/HTTPS
45.125.223.161:8080,HTTP
117.80.28.219:3128,HTTP
112.80.255.32:80,HTTP
79.104.19.202:31618,Socks4
187.60.255.29:3128,HTTPS
36.66.218.153:1080,Socks4
190.214.14.38:1080,Socks4
185.107.143.99:8080,HTTP
179.127.175.211:1080,Socks4
116.62.11.138:3128,HTTPS
131.0.62.1:33325,Socks4
193.70.3.144:80,HTTP
193.227.49.83:8080,HTTP
213.168.210.76:80,HTTP/HTTPS
82.107.202.30:8080,HTTP
128.199.189.94:8080,HTTP/HTTPS
39.108.67.33:80,HTTP
217.75.204.6:8080,HTTP
162.223.88.243:80,HTTP
180.122.147.87:40586,HTTP/HTTPS
200.233.159.9:8090,HTTP/HTTPS
217.219.246.191:8080,HTTP
112.80.255.32:80,HTTP
79.104.19.202:31618,Socks4
187.60.255.29:3128,HTTPS
183.144.218.22:31641,HTTP/HTTPS
186.226.178.46:53281,HTTP
36.66.218.153:1080,Socks4
121.43.178.58:3128,HTTPS
103.229.86.249:8080,HTTP
190.214.14.38:1080,Socks4
138.197.114.250:80,HTTP
131.0.62.78:8080,HTTP
185.107.143.99:8080,HTTP
179.127.175.211:1080,Socks4
116.62.11.138:3128,HTTPS
131.0.62.1:33325,Socks4
193.70.3.144:80,HTTP
193.227.49.83:8080,HTTP
213.168.210.76:80,HTTP/HTTPS
82.107.202.30:8080,HTTP
128.199.189.94:8080,HTTP/HTTPS
159.203.166.41:3128,HTTP
112.80.255.32:80,HTTP
79.104.19.202:31618,Socks4
113.87.162.248:8088,HTTP
80.51.81.222:53281,HTTP/HTTPS
52.208.105.53:80,HTTP
89.236.17.108:3128,HTTP/HTTPS
187.60.255.29:3128,HTTPS
5.160.83.74:8080,HTTP
190.27.196.174:8080,HTTPS
183.144.218.22:31641,HTTP/HTTPS
186.226.178.46:53281,HTTP
36.66.218.153:1080,Socks4
121.43.178.58:3128,HTTPS
103.229.86.249:8080,HTTP
190.214.14.38:1080,Socks4
138.197.114.250:80,HTTP
131.0.62.78:8080,HTTP
185.107.143.99:8080,HTTP
179.127.175.211:1080,Socks4
67.205.146.77:1080,Socks5
159.203.166.41:3128,HTTP
187.76.206.50:8080,HTTP
112.80.255.32:80,HTTP
79.104.19.202:31618,Socks4
113.87.162.248:8088,HTTP
80.51.81.222:53281,HTTP/HTTPS
52.208.105.53:80,HTTP
89.236.17.108:3128,HTTP/HTTPS
187.60.255.29:3128,HTTPS
5.160.83.74:8080,HTTP
190.27.196.174:8080,HTTPS
183.144.218.22:31641,HTTP/HTTPS
186.226.178.46:53281,HTTP
36.66.218.153:1080,Socks4
121.43.178.58:3128,HTTPS
103.229.86.249:8080,HTTP
190.214.14.38:1080,Socks4
138.197.114.250:80,HTTP
131.0.62.78:8080,HTTP
